date,screen_resolution,visits
2024-01-04,1920x1080,106328
2024-01-04,390x844,24051
2024-01-04,1536x864,23549
2024-01-04,1440x900,15214
2024-01-04,1280x720,14425
2024-01-04,428x926,12737
2024-01-04,1366x768,12499
2024-01-04,430x932,11737
2024-01-04,393x852,9626
2024-01-04,414x896,9149
2024-01-04,800x600,9044
2024-01-04,375x812,8179
2024-01-04,2560x1440,7672
2024-01-04,1680x1050,6686
2024-01-04,1280x1024,6514
2024-01-04,1920x1200,5127
2024-01-04,1600x900,5113
2024-01-04,412x915,5008
2024-01-04,360x800,3822
2024-01-04,375x667,3798
2024-01-04,1280x800,3440
2024-01-04,412x812,3409
2024-01-04,1280x960,3243
2024-01-04,810x1080,3072
2024-01-04,360x780,3038
2024-01-04,1220x1280,2437
2024-01-04,1536x960,2394
2024-01-04,3440x1440,2289
2024-01-04,384x824,2283
2024-01-04,768x1024,2191
2024-01-04,412x892,2106
2024-01-04,820x1180,2011
2024-01-04,412x883,1825
2024-01-04,320x693,1755
2024-01-04,2048x1152,1733
2024-01-04,1024x1366,1726
2024-01-04,834x1194,1657
2024-01-04,384x854,1547
2024-01-04,1512x982,1479
2024-01-04,384x832,1388
2024-01-04,2560x1080,1381
2024-01-04,1470x956,1364
2024-01-04,385x854,1297
2024-01-04,1728x1117,1216
2024-01-04,384x857,1159
2024-01-04,412x869,1045
2024-01-03,1920x1080,109439
2024-01-03,390x844,24452
2024-01-03,1536x864,24344
2024-01-03,1440x900,15151
2024-01-03,1280x720,14055
2024-01-03,428x926,13422
2024-01-03,1366x768,12000
2024-01-03,430x932,11995
2024-01-03,414x896,9761
2024-01-03,1280x960,9633
2024-01-03,393x852,9112
2024-01-03,375x812,7918
2024-01-03,2560x1440,7746
2024-01-03,1680x1050,6875
2024-01-03,1280x1024,6329
2024-01-03,1600x900,5425
2024-01-03,800x600,5307
2024-01-03,1920x1200,5255
2024-01-03,412x915,5211
2024-01-03,375x667,3961
2024-01-03,360x800,3891
2024-01-03,412x812,3738
2024-01-03,1280x800,3336
2024-01-03,360x780,3202
2024-01-03,810x1080,3076
2024-01-03,3440x1440,2444
2024-01-03,1220x1280,2389
2024-01-03,1536x960,2347
2024-01-03,768x1024,2294
2024-01-03,384x824,2256
2024-01-03,820x1180,2147
2024-01-03,412x892,2086
2024-01-03,412x883,1867
2024-01-03,320x693,1859
2024-01-03,2048x1152,1822
2024-01-03,1024x1366,1749
2024-01-03,384x854,1709
2024-01-03,834x1194,1694
2024-01-03,1512x982,1504
2024-01-03,384x832,1442
2024-01-03,385x854,1432
2024-01-03,1470x956,1389
2024-01-03,2560x1080,1328
2024-01-03,384x857,1243
2024-01-03,1728x1117,1224
2024-01-03,412x869,1116
2024-01-02,1920x1080,109830
2024-01-02,1536x864,25808
2024-01-02,390x844,24471
2024-01-02,1440x900,14850
2024-01-02,1280x720,13108
2024-01-02,428x926,12778
2024-01-02,430x932,11967
2024-01-02,1366x768,11326
2024-01-02,414x896,9617
2024-01-02,393x852,9187
2024-01-02,2560x1440,7990
2024-01-02,375x812,7822
2024-01-02,1280x1024,7022
2024-01-02,1680x1050,6552
2024-01-02,1600x900,5634
2024-01-02,800x600,5520
2024-01-02,412x915,5227
2024-01-02,1920x1200,5112
2024-01-02,360x800,3931
2024-01-02,412x812,3930
2024-01-02,375x667,3866
2024-01-02,1220x1280,3788
2024-01-02,1280x800,3408
2024-01-02,360x780,3201
2024-01-02,810x1080,3076
2024-01-02,1280x960,2781
2024-01-02,384x824,2419
2024-01-02,3440x1440,2370
2024-01-02,768x1024,2265
2024-01-02,1536x960,2230
2024-01-02,412x892,2025
2024-01-02,820x1180,1921
2024-01-02,412x883,1879
2024-01-02,320x693,1850
2024-01-02,1024x1366,1755
2024-01-02,2048x1152,1702
2024-01-02,384x854,1642
2024-01-02,834x1194,1623
2024-01-02,385x854,1473
2024-01-02,384x832,1455
2024-01-02,1512x982,1448
2024-01-02,2560x1080,1356
2024-01-02,1470x956,1310
2024-01-02,384x857,1252
2024-01-02,1728x1117,1239
2024-01-02,412x869,1111
2024-01-01,390x844,27169
2024-01-01,1920x1080,24250
2024-01-01,800x600,21639
2024-01-01,428x926,13606
2024-01-01,430x932,12299
2024-01-01,414x896,11572
2024-01-01,393x852,9377
2024-01-01,1440x900,9232
2024-01-01,375x812,8592
2024-01-01,1536x864,7558
2024-01-01,412x915,6900
2024-01-01,1366x768,5325
2024-01-01,1280x1024,5124
2024-01-01,375x667,5056
2024-01-01,360x800,4539
2024-01-01,810x1080,4272
2024-01-01,1280x720,3890
2024-01-01,360x780,3747
2024-01-01,412x812,3389
2024-01-01,768x1024,2900
2024-01-01,1220x1280,2794
2024-01-01,2560x1440,2544
2024-01-01,412x892,2392
2024-01-01,320x693,2199
2024-01-01,384x824,2191
2024-01-01,385x854,2153
2024-01-01,820x1180,2135
2024-01-01,384x857,2134
2024-01-01,1680x1050,2012
2024-01-01,384x854,1923
2024-01-01,1280x800,1874
2024-01-01,412x883,1709
2024-01-01,384x832,1643
2024-01-01,1024x1366,1620
2024-01-01,1600x900,1487
2024-01-01,834x1194,1465
2024-01-01,412x869,1317
2024-01-01,414x736,1227
2024-01-01,320x712,1122
2024-01-01,432x960,1014
2023-12-31,390x844,29660
2023-12-31,1920x1080,18885
2023-12-31,428x926,14873
2023-12-31,414x896,13160
2023-12-31,430x932,12778
2023-12-31,375x812,10040
2023-12-31,393x852,10029
2023-12-31,1440x900,8239
2023-12-31,412x915,7840
2023-12-31,1536x864,6251
2023-12-31,375x667,5573
2023-12-31,810x1080,5260
2023-12-31,360x800,5230
2023-12-31,1366x768,4687
2023-12-31,800x600,4408
2023-12-31,360x780,4352
2023-12-31,1280x1024,4167
2023-12-31,768x1024,3197
2023-12-31,412x812,3182
2023-12-31,1280x720,3059
2023-12-31,385x854,2764
2023-12-31,412x892,2713
2023-12-31,384x824,2568
2023-12-31,384x857,2514
2023-12-31,820x1180,2481
2023-12-31,320x693,2449
2023-12-31,2560x1440,2340
2023-12-31,384x854,2038
2023-12-31,412x883,2007
2023-12-31,384x832,1898
2023-12-31,1220x1280,1835
2023-12-31,1024x1366,1788
2023-12-31,1280x800,1677
2023-12-31,412x869,1539
2023-12-31,834x1194,1539
2023-12-31,414x736,1486
2023-12-31,1680x1050,1446
2023-12-31,1600x900,1348
2023-12-31,320x712,1336
2023-12-31,432x960,1111
2023-12-31,320x568,1093
2023-12-31,360x760,1001
2023-12-30,1920x1080,37414
2023-12-30,390x844,31900
2023-12-30,800x600,16328
2023-12-30,428x926,16025
2023-12-30,414x896,13824
2023-12-30,430x932,13720
2023-12-30,375x812,10961
2023-12-30,393x852,10803
2023-12-30,1440x900,9577
2023-12-30,412x915,8138
2023-12-30,1536x864,7893
2023-12-30,360x800,5636
2023-12-30,375x667,5628
2023-12-30,1366x768,5558
2023-12-30,810x1080,4933
2023-12-30,360x780,4510
2023-12-30,1280x1024,4468
2023-12-30,1280x720,3620
2023-12-30,1680x1050,3173
2023-12-30,768x1024,3171
2023-12-30,412x892,2826
2023-12-30,385x854,2814
2023-12-30,384x824,2807
2023-12-30,2560x1440,2698
2023-12-30,384x857,2564
2023-12-30,320x693,2493
2023-12-30,820x1180,2450
2023-12-30,412x812,2413
2023-12-30,1600x900,2343
2023-12-30,384x854,2177
2023-12-30,412x883,2146
2023-12-30,1220x1280,1986
2023-12-30,384x832,1944
2023-12-30,1280x800,1822
2023-12-30,1024x1366,1691
2023-12-30,834x1194,1659
2023-12-30,412x869,1642
2023-12-30,414x736,1443
2023-12-30,320x712,1393
2023-12-30,432x960,1187
2023-12-30,320x568,1101
2023-12-30,360x760,1079
2023-12-29,1920x1080,69300
2023-12-29,390x844,34685
2023-12-29,428x926,18448
2023-12-29,414x896,16041
2023-12-29,430x932,15609
2023-12-29,1536x864,15112
2023-12-29,1440x900,12066
2023-12-29,393x852,11922
2023-12-29,375x812,11409
2023-12-29,412x915,8698
2023-12-29,1366x768,8184
2023-12-29,1280x720,8053
2023-12-29,375x667,6522
2023-12-29,1280x1024,6196
2023-12-29,360x800,5847
2023-12-29,810x1080,5428
2023-12-29,800x600,5391
2023-12-29,360x780,4800
2023-12-29,2560x1440,4754
2023-12-29,1680x1050,4614
2023-12-29,1600x900,4116
2023-12-29,768x1024,3301
2023-12-29,412x892,3053
2023-12-29,385x854,2969
2023-12-29,384x824,2959
2023-12-29,320x693,2898
2023-12-29,820x1180,2762
2023-12-29,1280x800,2612
2023-12-29,412x812,2607
2023-12-29,384x857,2591
2023-12-29,384x854,2424
2023-12-29,412x883,2281
2023-12-29,1920x1200,2242
2023-12-29,384x832,2139
2023-12-29,1220x1280,2037
2023-12-29,1024x1366,1848
2023-12-29,834x1194,1811
2023-12-29,412x869,1753
2023-12-29,414x736,1628
2023-12-29,320x712,1485
2023-12-29,1536x960,1279
2023-12-29,432x960,1247
2023-12-29,320x568,1235
2023-12-29,3440x1440,1200
2023-12-29,1280x960,1139
2023-12-29,360x760,1058
2023-12-29,360x740,1030
2023-12-29,1512x982,1004
2023-12-28,1920x1080,82487
2023-12-28,390x844,36100
2023-12-28,428x926,18600
2023-12-28,1536x864,17325
2023-12-28,430x932,16339
2023-12-28,414x896,15705
2023-12-28,1440x900,13023
2023-12-28,393x852,12424
2023-12-28,375x812,12272
2023-12-28,1280x720,9830
2023-12-28,1366x768,9135
2023-12-28,412x915,8745
2023-12-28,1280x1024,6593
2023-12-28,375x667,6280
2023-12-28,360x800,6137
2023-12-28,810x1080,5446
2023-12-28,2560x1440,5362
2023-12-28,360x780,5059
2023-12-28,1680x1050,5039
2023-12-28,1600x900,4755
2023-12-28,800x600,4498
2023-12-28,768x1024,3414
2023-12-28,412x892,3220
2023-12-28,384x824,3027
2023-12-28,385x854,2977
2023-12-28,320x693,2902
2023-12-28,1280x800,2889
2023-12-28,820x1180,2849
2023-12-28,1920x1200,2835
2023-12-28,384x857,2801
2023-12-28,384x854,2376
2023-12-28,1220x1280,2370
2023-12-28,412x883,2339
2023-12-28,384x832,2176
2023-12-28,412x812,2161
2023-12-28,1024x1366,1974
2023-12-28,834x1194,1916
2023-12-28,412x869,1876
2023-12-28,1280x960,1733
2023-12-28,1536x960,1641
2023-12-28,414x736,1631
2023-12-28,320x712,1408
2023-12-28,3440x1440,1387
2023-12-28,320x568,1294
2023-12-28,432x960,1242
2023-12-28,2048x1152,1192
2023-12-28,360x760,1158
2023-12-28,412x846,1126
2023-12-28,1512x982,1106
2023-12-28,1024x768,1098
2023-12-28,1470x956,1083
2023-12-28,2560x1080,1023
2023-12-27,1920x1080,83874
2023-12-27,390x844,38505
2023-12-27,428x926,19734
2023-12-27,1536x864,18084
2023-12-27,414x896,17183
2023-12-27,430x932,17164
2023-12-27,375x812,14614
2023-12-27,393x852,12849
2023-12-27,1440x900,12540
2023-12-27,1280x720,9879
2023-12-27,1366x768,9364
2023-12-27,412x915,9341
2023-12-27,375x667,7464
2023-12-27,1280x1024,6644
2023-12-27,360x800,6238
2023-12-27,810x1080,5530
2023-12-27,2560x1440,5476
2023-12-27,1680x1050,5218
2023-12-27,360x780,5129
2023-12-27,1600x900,4834
2023-12-27,768x1024,3645
2023-12-27,800x600,3601
2023-12-27,412x892,3279
2023-12-27,384x824,3245
2023-12-27,385x854,3164
2023-12-27,320x693,3148
2023-12-27,412x812,3063
2023-12-27,1920x1200,3011
2023-12-27,384x857,2918
2023-12-27,1280x800,2873
2023-12-27,820x1180,2809
2023-12-27,384x854,2501
2023-12-27,412x883,2463
2023-12-27,384x832,2257
2023-12-27,1220x1280,2166
2023-12-27,1024x1366,1999
2023-12-27,412x869,1970
2023-12-27,414x736,1916
2023-12-27,1280x960,1915
2023-12-27,834x1194,1843
2023-12-27,1536x960,1635
2023-12-27,320x712,1520
2023-12-27,3440x1440,1448
2023-12-27,320x568,1361
2023-12-27,432x960,1303
2023-12-27,360x760,1271
2023-12-27,412x846,1218
2023-12-27,2048x1152,1192
2023-12-27,1470x956,1134
2023-12-27,1512x982,1131
2023-12-27,1024x768,1096
2023-12-27,2560x1080,1058
2023-12-27,360x740,1043
2023-12-26,1920x1080,63925
2023-12-26,390x844,36398
2023-12-26,428x926,18228
2023-12-26,430x932,15842
2023-12-26,1536x864,15323
2023-12-26,414x896,15254
2023-12-26,375x812,12215
2023-12-26,393x852,12088
2023-12-26,1440x900,11487
2023-12-26,412x915,8735
2023-12-26,1366x768,8430
2023-12-26,1280x720,8000
2023-12-26,1280x1024,6559
2023-12-26,375x667,6448
2023-12-26,360x800,5917
2023-12-26,810x1080,5386
2023-12-26,360x780,4715
2023-12-26,2560x1440,4601
2023-12-26,1680x1050,4266
2023-12-26,1600x900,3881
2023-12-26,768x1024,3595
2023-12-26,800x600,3340
2023-12-26,412x812,3270
2023-12-26,412x892,3094
2023-12-26,385x854,3067
2023-12-26,384x824,2908
2023-12-26,320x693,2827
2023-12-26,384x857,2788
2023-12-26,820x1180,2639
2023-12-26,1280x800,2481
2023-12-26,1220x1280,2368
2023-12-26,384x854,2348
2023-12-26,412x883,2161
2023-12-26,384x832,2069
2023-12-26,1920x1200,2065
2023-12-26,1280x960,2010
2023-12-26,1024x1366,1963
2023-12-26,412x869,1756
2023-12-26,834x1194,1738
2023-12-26,414x736,1694
2023-12-26,320x712,1485
2023-12-26,320x568,1325
2023-12-26,1536x960,1311
2023-12-26,432x960,1254
2023-12-26,360x760,1244
2023-12-26,3440x1440,1142
2023-12-26,412x846,1116
2023-12-26,1024x768,1114
2023-12-25,390x844,27385
2023-12-25,800x600,19507
2023-12-25,428x926,13388
2023-12-25,1920x1080,12775
2023-12-25,414x896,12171
2023-12-25,430x932,12102
2023-12-25,393x852,9345
2023-12-25,375x812,9114
2023-12-25,412x915,7350
2023-12-25,1440x900,7062
2023-12-25,1280x1024,6217
2023-12-25,1536x864,5731
2023-12-25,375x667,5115
2023-12-25,360x800,4746
2023-12-25,810x1080,4101
2023-12-25,1366x768,4092
2023-12-25,360x780,3807
2023-12-25,412x812,3549
2023-12-25,1280x720,2776
2023-12-25,768x1024,2754
2023-12-25,385x854,2609
2023-12-25,412x892,2502
2023-12-25,384x857,2383
2023-12-25,384x824,2190
2023-12-25,1220x1280,2139
2023-12-25,320x693,2060
2023-12-25,820x1180,2039
2023-12-25,2560x1440,1869
2023-12-25,384x854,1856
2023-12-25,412x883,1608
2023-12-25,384x832,1539
2023-12-25,1024x1366,1389
2023-12-25,1280x800,1342
2023-12-25,834x1194,1339
2023-12-25,414x736,1334
2023-12-25,412x869,1322
2023-12-25,320x712,1177
2023-12-25,432x960,1038
2023-12-25,412x846,1019
2023-12-24,390x844,27063
2023-12-24,428x926,12906
2023-12-24,1920x1080,12679
2023-12-24,414x896,12212
2023-12-24,430x932,11527
2023-12-24,393x852,9269
2023-12-24,375x812,9245
2023-12-24,412x915,6980
2023-12-24,1440x900,6922
2023-12-24,1280x1024,5921
2023-12-24,375x667,5307
2023-12-24,1536x864,4965
2023-12-24,360x800,4650
2023-12-24,810x1080,4639
2023-12-24,800x600,4631
2023-12-24,412x812,4074
2023-12-24,360x780,3762
2023-12-24,1366x768,3703
2023-12-24,768x1024,3021
2023-12-24,385x854,2509
2023-12-24,1280x720,2483
2023-12-24,412x892,2475
2023-12-24,1220x1280,2356
2023-12-24,384x857,2337
2023-12-24,320x693,2109
2023-12-24,820x1180,2033
2023-12-24,384x824,1981
2023-12-24,2560x1440,1973
2023-12-24,384x854,1793
2023-12-24,412x883,1607
2023-12-24,384x832,1476
2023-12-24,834x1194,1428
2023-12-24,412x869,1389
2023-12-24,1280x800,1380
2023-12-24,1024x1366,1376
2023-12-24,414x736,1312
2023-12-24,320x712,1189
2023-12-24,320x568,1045
2023-12-24,412x846,1020
2023-12-24,360x760,1011
2023-12-23,1920x1080,30630
2023-12-23,390x844,30362
2023-12-23,428x926,15062
2023-12-23,414x896,13850
2023-12-23,430x932,13156
2023-12-23,375x812,12182
2023-12-23,393x852,9988
2023-12-23,1440x900,8429
2023-12-23,412x915,7583
2023-12-23,1280x1024,6444
2023-12-23,1536x864,6366
2023-12-23,375x667,5721
2023-12-23,360x800,5034
2023-12-23,810x1080,4700
2023-12-23,1366x768,4537
2023-12-23,360x780,4050
2023-12-23,412x812,3694
2023-12-23,800x600,3636
2023-12-23,768x1024,3284
2023-12-23,1280x720,2986
2023-12-23,412x892,2651
2023-12-23,1680x1050,2575
2023-12-23,385x854,2565
2023-12-23,384x857,2440
2023-12-23,1220x1280,2373
2023-12-23,384x824,2354
2023-12-23,320x693,2318
2023-12-23,820x1180,2308
2023-12-23,2560x1440,2299
2023-12-23,384x854,2030
2023-12-23,1600x900,1851
2023-12-23,412x883,1821
2023-12-23,384x832,1704
2023-12-23,1024x1366,1595
2023-12-23,414x736,1559
2023-12-23,834x1194,1512
2023-12-23,412x869,1470
2023-12-23,1280x800,1440
2023-12-23,320x712,1218
2023-12-23,320x568,1168
2023-12-23,412x846,1168
2023-12-22,1920x1080,69123
2023-12-22,390x844,35065
2023-12-22,800x600,20590
2023-12-22,428x926,17500
2023-12-22,414x896,15564
2023-12-22,1536x864,14809
2023-12-22,430x932,14662
2023-12-22,375x812,12587
2023-12-22,393x852,11764
2023-12-22,1440x900,11228
2023-12-22,1280x720,8618
2023-12-22,1366x768,8070
2023-12-22,412x915,8021
2023-12-22,375x667,6627
2023-12-22,1280x1024,6270
2023-12-22,810x1080,5700
2023-12-22,360x800,5515
2023-12-22,2560x1440,4737
2023-12-22,1680x1050,4634
2023-12-22,360x780,4490
2023-12-22,1600x900,3916
2023-12-22,768x1024,3650
2023-12-22,412x892,2780
2023-12-22,320x693,2757
2023-12-22,412x812,2742
2023-12-22,385x854,2683
2023-12-22,1220x1280,2627
2023-12-22,820x1180,2617
2023-12-22,384x824,2572
2023-12-22,384x857,2571
2023-12-22,1280x800,2475
2023-12-22,1920x1200,2460
2023-12-22,384x854,2271
2023-12-22,412x883,2066
2023-12-22,384x832,1906
2023-12-22,1024x1366,1868
2023-12-22,1280x960,1806
2023-12-22,834x1194,1769
2023-12-22,414x736,1719
2023-12-22,412x869,1684
2023-12-22,1536x960,1371
2023-12-22,320x712,1354
2023-12-22,412x846,1326
2023-12-22,320x568,1285
2023-12-22,3440x1440,1236
2023-12-22,432x960,1181
2023-12-22,1024x768,1141
2023-12-22,360x760,1081
2023-12-21,1920x1080,96926
2023-12-21,390x844,35834
2023-12-21,1536x864,21450
2023-12-21,428x926,18525
2023-12-21,414x896,16167
2023-12-21,430x932,16021
2023-12-21,1440x900,13335
2023-12-21,375x812,12797
2023-12-21,1280x720,12381
2023-12-21,393x852,12222
2023-12-21,1366x768,11001
2023-12-21,412x915,8263
2023-12-21,375x667,6880
2023-12-21,2560x1440,6833
2023-12-21,1280x1024,6551
2023-12-21,1680x1050,5917
2023-12-21,360x800,5809
2023-12-21,810x1080,5529
2023-12-21,1600x900,4849
2023-12-21,360x780,4639
2023-12-21,1920x1200,4451
2023-12-21,800x600,4137
2023-12-21,768x1024,3701
2023-12-21,1280x960,3568
2023-12-21,1280x800,3375
2023-12-21,412x892,3173
2023-12-21,320x693,2932
2023-12-21,384x824,2906
2023-12-21,820x1180,2760
2023-12-21,1220x1280,2690
2023-12-21,385x854,2615
2023-12-21,412x883,2339
2023-12-21,384x857,2257
2023-12-21,384x854,2247
2023-12-21,412x812,2097
2023-12-21,384x832,2047
2023-12-21,1024x1366,2009
2023-12-21,1536x960,2006
2023-12-21,3440x1440,1904
2023-12-21,834x1194,1861
2023-12-21,412x869,1693
2023-12-21,414x736,1647
2023-12-21,2048x1152,1514
2023-12-21,320x568,1404
2023-12-21,1512x982,1341
2023-12-21,412x846,1303
2023-12-21,320x712,1295
2023-12-21,2560x1080,1208
2023-12-21,360x760,1174
2023-12-21,1024x768,1157
2023-12-21,432x960,1153
2023-12-21,1470x956,1134
2023-12-21,1600x1200,1061
2023-12-21,360x740,1024
2023-12-20,1920x1080,105804
2023-12-20,390x844,33471
2023-12-20,1536x864,22919
2023-12-20,428x926,17594
2023-12-20,430x932,15098
2023-12-20,414x896,14447
2023-12-20,1440x900,14130
2023-12-20,1280x720,12728
2023-12-20,375x812,11773
2023-12-20,1366x768,11623
2023-12-20,393x852,11193
2023-12-20,412x915,7469
2023-12-20,2560x1440,7338
2023-12-20,1280x1024,6919
2023-12-20,375x667,6267
2023-12-20,800x600,6234
2023-12-20,1680x1050,6205
2023-12-20,360x800,5318
2023-12-20,1600x900,5103
2023-12-20,1920x1200,5042
2023-12-20,810x1080,4860
2023-12-20,412x812,4509
2023-12-20,360x780,4052
2023-12-20,1280x800,3383
2023-12-20,768x1024,3154
2023-12-20,412x892,2689
2023-12-20,384x824,2650
2023-12-20,320x693,2614
2023-12-20,1220x1280,2577
2023-12-20,820x1180,2418
2023-12-20,1280x960,2373
2023-12-20,385x854,2298
2023-12-20,1536x960,2200
2023-12-20,3440x1440,2154
2023-12-20,384x854,2129
2023-12-20,412x883,2055
2023-12-20,384x857,1986
2023-12-20,1024x1366,1856
2023-12-20,384x832,1772
2023-12-20,834x1194,1735
2023-12-20,2048x1152,1694
2023-12-20,414x736,1602
2023-12-20,412x869,1568
2023-12-20,1512x982,1411
2023-12-20,412x846,1364
2023-12-20,2560x1080,1306
2023-12-20,1470x956,1253
2023-12-20,320x568,1229
2023-12-20,320x712,1153
2023-12-20,1728x1117,1040
2023-12-20,432x960,1025
2023-12-20,360x760,1007
2023-12-19,1920x1080,110117
2023-12-19,390x844,34245
2023-12-19,1536x864,23857
2023-12-19,428x926,17690
2023-12-19,414x896,15249
2023-12-19,1440x900,15192
2023-12-19,430x932,14958
2023-12-19,1280x720,13550
2023-12-19,1366x768,12820
2023-12-19,393x852,11611
2023-12-19,375x812,11025
2023-12-19,412x812,8374
2023-12-19,2560x1440,7990
2023-12-19,412x915,7894
2023-12-19,1680x1050,6514
2023-12-19,1280x1024,6200
2023-12-19,375x667,6114
2023-12-19,1920x1200,5639
2023-12-19,360x800,5337
2023-12-19,1600x900,5141
2023-12-19,810x1080,4506
2023-12-19,800x600,4379
2023-12-19,360x780,4289
2023-12-19,1280x800,3371
2023-12-19,1280x960,3097
2023-12-19,768x1024,3048
2023-12-19,384x824,2813
2023-12-19,412x892,2776
2023-12-19,1220x1280,2582
2023-12-19,320x693,2582
2023-12-19,820x1180,2451
2023-12-19,1536x960,2362
2023-12-19,385x854,2344
2023-12-19,3440x1440,2299
2023-12-19,384x857,2285
2023-12-19,412x883,2183
2023-12-19,384x854,2152
2023-12-19,384x832,1859
2023-12-19,834x1194,1837
2023-12-19,1024x1366,1818
2023-12-19,2048x1152,1800
2023-12-19,1024x768,1717
2023-12-19,412x869,1623
2023-12-19,414x736,1528
2023-12-19,1512x982,1427
2023-12-19,1470x956,1356
2023-12-19,2560x1080,1346
2023-12-19,412x846,1338
2023-12-19,320x712,1172
2023-12-19,320x568,1162
2023-12-19,1728x1117,1159
2023-12-19,360x760,1104
2023-12-19,432x960,1086
2023-12-19,1600x1200,1046
2023-12-18,1920x1080,102675
2023-12-18,390x844,34480
2023-12-18,1536x864,22997
2023-12-18,428x926,17867
2023-12-18,1440x900,15606
2023-12-18,414x896,14587
2023-12-18,430x932,14377
2023-12-18,1280x720,13370
2023-12-18,1366x768,13092
2023-12-18,393x852,11412
2023-12-18,375x812,11329
2023-12-18,2560x1440,7721
2023-12-18,412x915,7549
2023-12-18,412x812,6607
2023-12-18,1280x1024,6286
2023-12-18,375x667,6279
2023-12-18,1680x1050,6228
2023-12-18,1600x900,5264
2023-12-18,360x800,5221
2023-12-18,1920x1200,4808
2023-12-18,810x1080,4684
2023-12-18,360x780,4520
2023-12-18,800x600,3956
2023-12-18,1280x800,3754
2023-12-18,768x1024,3285
2023-12-18,1280x960,2904
2023-12-18,412x892,2721
2023-12-18,1220x1280,2638
2023-12-18,384x824,2637
2023-12-18,320x693,2505
2023-12-18,820x1180,2438
2023-12-18,384x857,2365
2023-12-18,385x854,2329
2023-12-18,3440x1440,2190
2023-12-18,384x854,2164
2023-12-18,1536x960,2106
2023-12-18,412x883,2023
2023-12-18,1024x1366,1920
2023-12-18,834x1194,1879
2023-12-18,384x832,1764
2023-12-18,412x869,1648
2023-12-18,2048x1152,1576
2023-12-18,1512x982,1536
2023-12-18,414x736,1500
2023-12-18,1470x956,1393
2023-12-18,2560x1080,1340
2023-12-18,412x846,1334
2023-12-18,1728x1117,1202
2023-12-18,320x568,1201
2023-12-18,320x712,1174
2023-12-18,1024x768,1121
2023-12-18,432x960,1062
2023-12-18,360x760,1047
2023-12-17,390x844,30076
2023-12-17,1920x1080,22892
2023-12-17,428x926,13854
2023-12-17,414x896,13079
2023-12-17,430x932,12164
2023-12-17,375x812,10577
2023-12-17,1440x900,10059
2023-12-17,393x852,9852
2023-12-17,1536x864,8089
2023-12-17,1280x720,6172
2023-12-17,412x915,6141
2023-12-17,1366x768,5952
2023-12-17,375x667,5341
2023-12-17,360x800,4476
2023-12-17,412x812,4032
2023-12-17,810x1080,3977
2023-12-17,360x780,3795
2023-12-17,1280x1024,3504
2023-12-17,768x1024,2938
2023-12-17,2560x1440,2920
2023-12-17,1220x1280,2685
2023-12-17,412x892,2304
2023-12-17,800x600,2261
2023-12-17,320x693,2184
2023-12-17,820x1180,2132
2023-12-17,384x824,2064
2023-12-17,1280x800,1999
2023-12-17,385x854,1952
2023-12-17,384x854,1750
2023-12-17,384x857,1685
2023-12-17,1680x1050,1630
2023-12-17,1024x1366,1627
2023-12-17,412x883,1594
2023-12-17,834x1194,1540
2023-12-17,1600x900,1369
2023-12-17,414x736,1352
2023-12-17,384x832,1350
2023-12-17,412x869,1256
2023-12-17,412x846,1177
2023-12-17,320x568,1072
2023-12-16,1920x1080,35199
2023-12-16,390x844,27725
2023-12-16,428x926,13936
2023-12-16,414x896,12216
2023-12-16,430x932,11823
2023-12-16,1440x900,9805
2023-12-16,375x812,9601
2023-12-16,393x852,9392
2023-12-16,1536x864,7555
2023-12-16,412x915,5940
2023-12-16,1366x768,5743
2023-12-16,375x667,5147
2023-12-16,360x800,4320
2023-12-16,1280x1024,3826
2023-12-16,810x1080,3725
2023-12-16,360x780,3575
2023-12-16,1280x720,3532
2023-12-16,412x812,3326
2023-12-16,1680x1050,2969
2023-12-16,2560x1440,2859
2023-12-16,1220x1280,2716
2023-12-16,800x600,2609
2023-12-16,768x1024,2543
2023-12-16,412x892,2265
2023-12-16,320x693,2151
2023-12-16,1600x900,2084
2023-12-16,384x824,2059
2023-12-16,820x1180,1957
2023-12-16,385x854,1906
2023-12-16,384x854,1705
2023-12-16,384x857,1634
2023-12-16,412x883,1609
2023-12-16,1280x800,1590
2023-12-16,1024x1366,1586
2023-12-16,834x1194,1462
2023-12-16,384x832,1367
2023-12-16,412x869,1275
2023-12-16,414x736,1190
2023-12-16,320x568,1011
2023-12-16,412x846,1007
2023-12-15,1920x1080,83258
2023-12-15,390x844,29863
2023-12-15,1536x864,19443
2023-12-15,428x926,15007
2023-12-15,1440x900,13693
2023-12-15,414x896,13449
2023-12-15,430x932,12626
2023-12-15,1366x768,11781
2023-12-15,1280x720,11496
2023-12-15,393x852,9612
2023-12-15,375x812,9460
2023-12-15,1280x1024,6652
2023-12-15,412x915,6194
2023-12-15,2560x1440,6036
2023-12-15,1680x1050,5337
2023-12-15,375x667,5336
2023-12-15,360x800,4876
2023-12-15,412x812,4502
2023-12-15,1600x900,4373
2023-12-15,810x1080,4177
2023-12-15,360x780,3681
2023-12-15,1920x1200,3593
2023-12-15,1220x1280,3358
2023-12-15,800x600,3279
2023-12-15,1280x800,2843
2023-12-15,768x1024,2582
2023-12-15,1280x960,2446
2023-12-15,412x892,2331
2023-12-15,320x693,2308
2023-12-15,384x824,2288
2023-12-15,385x854,2051
2023-12-15,820x1180,2044
2023-12-15,384x854,1957
2023-12-15,412x883,1784
2023-12-15,1536x960,1745
2023-12-15,3440x1440,1704
2023-12-15,384x857,1624
2023-12-15,384x832,1555
2023-12-15,834x1194,1514
2023-12-15,1024x768,1508
2023-12-15,1024x1366,1473
2023-12-15,412x869,1419
2023-12-15,414x736,1309
2023-12-15,2048x1152,1272
2023-12-15,1470x956,1231
2023-12-15,1512x982,1219
2023-12-15,2560x1080,1127
2023-12-15,1728x1117,1101
2023-12-15,320x568,1062
2023-12-15,320x712,1017
2023-12-15,412x846,1014
2023-12-14,1920x1080,99407
2023-12-14,390x844,32473
2023-12-14,1536x864,23520
2023-12-14,414x896,16737
2023-12-14,428x926,16484
2023-12-14,1440x900,15410
2023-12-14,1366x768,14159
2023-12-14,1280x720,13780
2023-12-14,430x932,13627
2023-12-14,375x812,10739
2023-12-14,393x852,10599
2023-12-14,2560x1440,7105
2023-12-14,412x915,6964
2023-12-14,1280x1024,6398
2023-12-14,1680x1050,6260
2023-12-14,375x667,5729
2023-12-14,360x800,5038
2023-12-14,1600x900,4954
2023-12-14,1920x1200,4780
2023-12-14,810x1080,4596
2023-12-14,1220x1280,4358
2023-12-14,412x812,4096
2023-12-14,800x600,3965
2023-12-14,360x780,3801
2023-12-14,1280x800,3478
2023-12-14,768x1024,2650
2023-12-14,384x824,2498
2023-12-14,412x892,2470
2023-12-14,320x693,2428
2023-12-14,820x1180,2411
2023-12-14,385x854,2222
2023-12-14,1280x960,2112
2023-12-14,1536x960,2103
2023-12-14,3440x1440,2101
2023-12-14,384x854,2066
2023-12-14,412x883,1946
2023-12-14,384x857,1821
2023-12-14,1024x1366,1758
2023-12-14,834x1194,1678
2023-12-14,384x832,1642
2023-12-14,2048x1152,1607
2023-12-14,1024x768,1550
2023-12-14,1470x956,1498
2023-12-14,414x736,1494
2023-12-14,412x869,1448
2023-12-14,1600x1200,1434
2023-12-14,1512x982,1402
2023-12-14,1728x1117,1327
2023-12-14,2560x1080,1288
2023-12-14,411x731,1237
2023-12-14,320x712,1186
2023-12-14,320x568,1103
2023-12-14,360x760,1054
2023-12-13,1920x1080,109409
2023-12-13,390x844,30886
2023-12-13,1536x864,25422
2023-12-13,1440x900,17167
2023-12-13,428x926,15889
2023-12-13,414x896,15205
2023-12-13,1366x768,14548
2023-12-13,1280x720,14425
2023-12-13,430x932,13675
2023-12-13,393x852,10165
2023-12-13,375x812,9908
2023-12-13,2560x1440,8194
2023-12-13,1280x1024,7730
2023-12-13,800x600,7067
2023-12-13,1680x1050,6546
2023-12-13,412x915,6446
2023-12-13,375x667,5433
2023-12-13,1600x900,5283
2023-12-13,1920x1200,5246
2023-12-13,360x800,4706
2023-12-13,810x1080,4400
2023-12-13,1220x1280,4325
2023-12-13,1280x800,3743
2023-12-13,360x780,3700
2023-12-13,412x812,3570
2023-12-13,768x1024,2811
2023-12-13,412x892,2543
2023-12-13,3440x1440,2486
2023-12-13,1536x960,2414
2023-12-13,820x1180,2411
2023-12-13,384x824,2357
2023-12-13,320x693,2347
2023-12-13,1280x960,2050
2023-12-13,412x883,1983
2023-12-13,384x854,1940
2023-12-13,385x854,1939
2023-12-13,1024x1366,1881
2023-12-13,2048x1152,1823
2023-12-13,1024x768,1817
2023-12-13,834x1194,1748
2023-12-13,1512x982,1632
2023-12-13,1470x956,1615
2023-12-13,384x832,1526
2023-12-13,384x857,1508
2023-12-13,412x869,1388
2023-12-13,2560x1080,1371
2023-12-13,414x736,1324
2023-12-13,1728x1117,1218
2023-12-13,1600x1200,1022
2023-12-13,320x568,1001
2023-12-12,1920x1080,109691
2023-12-12,1536x864,25712
2023-12-12,390x844,23864
2023-12-12,1440x900,16985
2023-12-12,1280x720,14926
2023-12-12,1366x768,14412
2023-12-12,428x926,12359
2023-12-12,430x932,11001
2023-12-12,414x896,9611
2023-12-12,393x852,8062
2023-12-12,2560x1440,7778
2023-12-12,375x812,7707
2023-12-12,412x812,6882
2023-12-12,1280x1024,6777
2023-12-12,1680x1050,6564
2023-12-12,1600x900,5317
2023-12-12,1920x1200,5253
2023-12-12,412x915,4869
2023-12-12,360x800,3883
2023-12-12,375x667,3779
2023-12-12,800x600,3593
2023-12-12,1280x800,3547
2023-12-12,1220x1280,3190
2023-12-12,810x1080,3099
2023-12-12,360x780,2932
2023-12-12,3440x1440,2416
2023-12-12,1536x960,2364
2023-12-12,768x1024,2187
2023-12-12,384x824,2115
2023-12-12,412x892,2055
2023-12-12,1280x960,2032
2023-12-12,820x1180,1996
2023-12-12,412x883,1752
2023-12-12,834x1194,1728
2023-12-12,320x693,1704
2023-12-12,2048x1152,1647
2023-12-12,384x854,1637
2023-12-12,1470x956,1584
2023-12-12,1024x1366,1565
2023-12-12,1512x982,1561
2023-12-12,1600x1200,1399
2023-12-12,2560x1080,1366
2023-12-12,385x854,1324
2023-12-12,384x832,1280
2023-12-12,384x857,1145
2023-12-12,1728x1117,1144
2023-12-12,412x869,1124
2023-12-11,1920x1080,107640
2023-12-11,1536x864,26175
2023-12-11,390x844,23487
2023-12-11,1440x900,17370
2023-12-11,1366x768,14880
2023-12-11,1280x720,14412
2023-12-11,428x926,11501
2023-12-11,430x932,10162
2023-12-11,414x896,9323
2023-12-11,393x852,8161
2023-12-11,2560x1440,8013
2023-12-11,375x812,7958
2023-12-11,1280x1024,6864
2023-12-11,412x812,6741
2023-12-11,1680x1050,6425
2023-12-11,1600x900,5384
2023-12-11,412x915,5063
2023-12-11,1920x1200,5042
2023-12-11,375x667,4089
2023-12-11,1280x800,3858
2023-12-11,360x800,3791
2023-12-11,800x600,3765
2023-12-11,810x1080,3190
2023-12-11,360x780,2947
2023-12-11,1280x960,2789
2023-12-11,1220x1280,2518
2023-12-11,1536x960,2442
2023-12-11,3440x1440,2351
2023-12-11,768x1024,2306
2023-12-11,412x892,2062
2023-12-11,384x824,2029
2023-12-11,820x1180,1819
2023-12-11,1470x956,1758
2023-12-11,2048x1152,1679
2023-12-11,412x883,1649
2023-12-11,834x1194,1643
2023-12-11,384x854,1629
2023-12-11,320x693,1620
2023-12-11,1024x1366,1614
2023-12-11,1512x982,1557
2023-12-11,385x854,1365
2023-12-11,2560x1080,1322
2023-12-11,1600x1200,1281
2023-12-11,1728x1117,1242
2023-12-11,384x832,1188
2023-12-11,412x869,1149
2023-12-11,384x857,1069
2023-12-10,1920x1080,23137
2023-12-10,390x844,19093
2023-12-10,1440x900,11822
2023-12-10,428x926,9387
2023-12-10,1536x864,9314
2023-12-10,414x896,7915
2023-12-10,430x932,7740
2023-12-10,1280x720,7572
2023-12-10,393x852,6722
2023-12-10,375x812,6277
2023-12-10,1366x768,6239
2023-12-10,412x812,6092
2023-12-10,1280x1024,4598
2023-12-10,412x915,4071
2023-12-10,360x800,3172
2023-12-10,375x667,3159
2023-12-10,2560x1440,2728
2023-12-10,810x1080,2502
2023-12-10,360x780,2480
2023-12-10,800x600,2179
2023-12-10,1280x800,2052
2023-12-10,1220x1280,1953
2023-12-10,768x1024,1921
2023-12-10,1680x1050,1776
2023-12-10,412x892,1688
2023-12-10,820x1180,1636
2023-12-10,384x824,1620
2023-12-10,1600x900,1567
2023-12-10,320x693,1433
2023-12-10,834x1194,1432
2023-12-10,1024x1366,1322
2023-12-10,384x854,1274
2023-12-10,412x883,1274
2023-12-10,1470x956,1177
2023-12-10,385x854,1105
2023-12-10,384x832,1009
2023-12-09,1920x1080,35429
2023-12-09,390x844,19912
2023-12-09,1440x900,10608
2023-12-09,428x926,9727
2023-12-09,1536x864,8241
2023-12-09,430x932,8138
2023-12-09,414x896,7909
2023-12-09,393x852,7125
2023-12-09,375x812,6724
2023-12-09,1280x720,6020
2023-12-09,1366x768,5915
2023-12-09,1280x1024,4581
2023-12-09,412x812,4485
2023-12-09,412x915,4356
2023-12-09,375x667,3580
2023-12-09,1680x1050,3393
2023-12-09,360x800,3261
2023-12-09,360x780,2675
2023-12-09,2560x1440,2492
2023-12-09,800x600,2365
2023-12-09,810x1080,2356
2023-12-09,1600x900,2090
2023-12-09,1220x1280,1992
2023-12-09,768x1024,1945
2023-12-09,412x892,1807
2023-12-09,1280x800,1699
2023-12-09,384x824,1624
2023-12-09,320x693,1564
2023-12-09,820x1180,1554
2023-12-09,412x883,1448
2023-12-09,1024x1366,1304
2023-12-09,384x854,1291
2023-12-09,834x1194,1191
2023-12-09,385x854,1140
2023-12-09,240x320,1135
2023-12-08,1920x1080,89396
2023-12-08,390x844,23092
2023-12-08,1536x864,20959
2023-12-08,1440x900,14988
2023-12-08,1366x768,12645
2023-12-08,428x926,12263
2023-12-08,1280x720,12027
2023-12-08,430x932,10039
2023-12-08,414x896,9615
2023-12-08,393x852,7850
2023-12-08,375x812,7726
2023-12-08,2560x1440,6180
2023-12-08,1280x1024,6081
2023-12-08,1680x1050,5629
2023-12-08,412x915,5115
2023-12-08,1600x900,4727
2023-12-08,375x667,4020
2023-12-08,360x800,3843
2023-12-08,1920x1200,3706
2023-12-08,412x812,3468
2023-12-08,800x600,3166
2023-12-08,810x1080,3080
2023-12-08,1280x800,3050
2023-12-08,360x780,2957
2023-12-08,1220x1280,2340
2023-12-08,412x892,2192
2023-12-08,384x824,2101
2023-12-08,1536x960,2023
2023-12-08,768x1024,1983
2023-12-08,240x320,1964
2023-12-08,820x1180,1896
2023-12-08,3440x1440,1854
2023-12-08,320x693,1835
2023-12-08,412x883,1690
2023-12-08,1280x960,1676
2023-12-08,384x854,1618
2023-12-08,1024x1366,1557
2023-12-08,1512x982,1466
2023-12-08,834x1194,1456
2023-12-08,385x854,1450
2023-12-08,2048x1152,1445
2023-12-08,1470x956,1416
2023-12-08,384x832,1250
2023-12-08,2560x1080,1223
2023-12-08,412x869,1181
2023-12-08,384x857,1097
2023-12-08,1728x1117,1081
2023-12-07,1920x1080,101174
2023-12-07,1536x864,24055
2023-12-07,390x844,22101
2023-12-07,1440x900,16364
2023-12-07,1280x720,15628
2023-12-07,800x600,14553
2023-12-07,1366x768,14285
2023-12-07,428x926,11369
2023-12-07,430x932,9600
2023-12-07,414x896,8718
2023-12-07,393x852,7201
2023-12-07,375x812,7145
2023-12-07,2560x1440,6767
2023-12-07,1280x1024,6416
2023-12-07,1680x1050,6361
2023-12-07,1280x960,6049
2023-12-07,1600x900,4929
2023-12-07,1920x1200,4811
2023-12-07,412x915,4528
2023-12-07,412x812,4010
2023-12-07,360x800,3612
2023-12-07,375x667,3581
2023-12-07,1280x800,3474
2023-12-07,810x1080,3278
2023-12-07,360x780,2810
2023-12-07,1536x960,2233
2023-12-07,1220x1280,2222
2023-12-07,768x1024,2134
2023-12-07,820x1180,2056
2023-12-07,3440x1440,2024
2023-12-07,384x824,1939
2023-12-07,412x892,1875
2023-12-07,320x693,1669
2023-12-07,834x1194,1645
2023-12-07,1470x956,1592
2023-12-07,412x883,1591
2023-12-07,1024x1366,1557
2023-12-07,2048x1152,1529
2023-12-07,1512x982,1507
2023-12-07,384x854,1501
2023-12-07,385x854,1353
2023-12-07,2560x1080,1235
2023-12-07,1728x1117,1177
2023-12-07,384x832,1169
2023-12-07,412x869,1057
2023-12-06,1920x1080,104649
2023-12-06,1536x864,24393
2023-12-06,390x844,22482
2023-12-06,1440x900,17756
2023-12-06,1366x768,14999
2023-12-06,1280x720,14896
2023-12-06,800x600,12701
2023-12-06,428x926,11861
2023-12-06,430x932,10023
2023-12-06,414x896,9210
2023-12-06,393x852,7502
2023-12-06,2560x1440,7421
2023-12-06,375x812,7203
2023-12-06,412x812,6630
2023-12-06,1680x1050,6617
2023-12-06,1280x1024,5875
2023-12-06,1920x1200,5153
2023-12-06,1600x900,5025
2023-12-06,412x915,4569
2023-12-06,1280x800,3766
2023-12-06,375x667,3598
2023-12-06,360x800,3577
2023-12-06,810x1080,3148
2023-12-06,360x780,2784
2023-12-06,1280x960,2658
2023-12-06,1536x960,2386
2023-12-06,3440x1440,2245
2023-12-06,1220x1280,2226
2023-12-06,768x1024,2096
2023-12-06,384x824,2082
2023-12-06,820x1180,2013
2023-12-06,412x892,1950
2023-12-06,2048x1152,1716
2023-12-06,834x1194,1689
2023-12-06,1470x956,1664
2023-12-06,412x883,1652
2023-12-06,320x693,1645
2023-12-06,1512x982,1563
2023-12-06,1024x1366,1553
2023-12-06,384x854,1504
2023-12-06,385x854,1282
2023-12-06,2560x1080,1269
2023-12-06,1728x1117,1172
2023-12-06,384x832,1164
2023-12-06,412x869,1060
2023-12-06,1600x1200,1019
2023-12-05,1920x1080,107182
2023-12-05,800x600,30307
2023-12-05,1536x864,26046
2023-12-05,390x844,22939
2023-12-05,1280x720,21364
2023-12-05,1440x900,18710
2023-12-05,1366x768,15829
2023-12-05,428x926,12088
2023-12-05,430x932,10068
2023-12-05,414x896,9520
2023-12-05,375x812,7576
2023-12-05,393x852,7540
2023-12-05,2560x1440,7322
2023-12-05,412x812,6962
2023-12-05,1680x1050,6878
2023-12-05,1280x1024,6311
2023-12-05,1920x1200,5456
2023-12-05,1600x900,5247
2023-12-05,412x915,4697
2023-12-05,1280x800,3863
2023-12-05,375x667,3805
2023-12-05,360x800,3750
2023-12-05,810x1080,3187
2023-12-05,360x780,2839
2023-12-05,1220x1280,2529
2023-12-05,1536x960,2430
2023-12-05,3440x1440,2299
2023-12-05,820x1180,2157
2023-12-05,768x1024,2131
2023-12-05,412x892,1989
2023-12-05,384x824,1975
2023-12-05,1280x960,1809
2023-12-05,2048x1152,1783
2023-12-05,320x693,1729
2023-12-05,1470x956,1728
2023-12-05,412x883,1693
2023-12-05,834x1194,1683
2023-12-05,1512x982,1626
2023-12-05,1024x1366,1600
2023-12-05,384x854,1594
2023-12-05,414x736,1508
2023-12-05,2560x1080,1303
2023-12-05,385x854,1272
2023-12-05,384x832,1145
2023-12-05,1728x1117,1124
2023-12-05,412x869,1103
2023-12-05,1600x1200,1072
2023-12-04,1920x1080,106681
2023-12-04,1536x864,26318
2023-12-04,390x844,22726
2023-12-04,1440x900,18814
2023-12-04,1280x720,16831
2023-12-04,1366x768,15481
2023-12-04,428x926,12287
2023-12-04,430x932,10295
2023-12-04,414x896,9317
2023-12-04,800x600,8268
2023-12-04,2560x1440,7710
2023-12-04,393x852,7608
2023-12-04,375x812,7250
2023-12-04,412x812,7135
2023-12-04,1680x1050,6759
2023-12-04,1280x1024,5806
2023-12-04,1600x900,5288
2023-12-04,1920x1200,5174
2023-12-04,412x915,4732
2023-12-04,360x800,3733
2023-12-04,1280x800,3674
2023-12-04,375x667,3618
2023-12-04,810x1080,3086
2023-12-04,360x780,2845
2023-12-04,1536x960,2473
2023-12-04,1280x960,2467
2023-12-04,1220x1280,2394
2023-12-04,768x1024,2346
2023-12-04,3440x1440,2324
2023-12-04,820x1180,2041
2023-12-04,384x824,2037
2023-12-04,412x892,2005
2023-12-04,320x693,1832
2023-12-04,1512x982,1784
2023-12-04,1470x956,1762
2023-12-04,834x1194,1724
2023-12-04,1024x1366,1662
2023-12-04,2048x1152,1629
2023-12-04,412x883,1624
2023-12-04,384x854,1620
2023-12-04,2560x1080,1348
2023-12-04,385x854,1285
2023-12-04,1728x1117,1159
2023-12-04,1600x1200,1155
2023-12-04,412x869,1152
2023-12-04,384x832,1143
2023-12-04,384x857,1081
2023-12-03,1920x1080,24162
2023-12-03,390x844,18065
2023-12-03,1440x900,12663
2023-12-03,1536x864,10168
2023-12-03,428x926,9279
2023-12-03,430x932,7627
2023-12-03,414x896,7463
2023-12-03,1366x768,6901
2023-12-03,412x812,6831
2023-12-03,393x852,6227
2023-12-03,375x812,6119
2023-12-03,1280x720,5335
2023-12-03,1280x1024,4858
2023-12-03,412x915,3820
2023-12-03,800x600,3443
2023-12-03,375x667,3066
2023-12-03,360x800,3046
2023-12-03,2560x1440,2805
2023-12-03,810x1080,2418
2023-12-03,360x780,2333
2023-12-03,1220x1280,2147
2023-12-03,1280x800,2061
2023-12-03,768x1024,2031
2023-12-03,1680x1050,1877
2023-12-03,412x892,1671
2023-12-03,820x1180,1569
2023-12-03,384x824,1565
2023-12-03,1600x900,1557
2023-12-03,834x1194,1463
2023-12-03,320x693,1445
2023-12-03,412x883,1377
2023-12-03,384x854,1333
2023-12-03,1024x1366,1273
2023-12-03,1280x960,1183
2023-12-03,385x854,1147
2023-12-03,1470x956,1126
2023-12-03,1512x982,1052
2023-12-02,1920x1080,34948
2023-12-02,390x844,19021
2023-12-02,1440x900,10778
2023-12-02,428x926,9710
2023-12-02,1536x864,8747
2023-12-02,430x932,8310
2023-12-02,414x896,7372
2023-12-02,393x852,6565
2023-12-02,375x812,6504
2023-12-02,1366x768,5844
2023-12-02,412x812,5526
2023-12-02,1280x1024,4837
2023-12-02,1280x720,4294
2023-12-02,412x915,4070
2023-12-02,1680x1050,3493
2023-12-02,375x667,3253
2023-12-02,360x800,3098
2023-12-02,1220x1280,2560
2023-12-02,2560x1440,2515
2023-12-02,810x1080,2437
2023-12-02,360x780,2382
2023-12-02,1600x900,2212
2023-12-02,800x600,2204
2023-12-02,768x1024,1999
2023-12-02,1280x800,1883
2023-12-02,384x824,1712
2023-12-02,412x892,1682
2023-12-02,820x1180,1599
2023-12-02,320x693,1441
2023-12-02,412x883,1423
2023-12-02,834x1194,1367
2023-12-02,1024x1366,1336
2023-12-02,384x854,1277
2023-12-02,385x854,1080
2023-12-01,1920x1080,90036
2023-12-01,390x844,21502
2023-12-01,1536x864,20122
2023-12-01,1440x900,15014
2023-12-01,1366x768,13117
2023-12-01,1280x720,12701
2023-12-01,428x926,11580
2023-12-01,430x932,9696
2023-12-01,414x896,9308
2023-12-01,393x852,7217
2023-12-01,375x812,7129
2023-12-01,1280x1024,6401
2023-12-01,2560x1440,6257
2023-12-01,1680x1050,5799
2023-12-01,1600x900,4509
2023-12-01,412x915,4288
2023-12-01,800x600,4226
2023-12-01,412x812,3972
2023-12-01,1920x1200,3905
2023-12-01,360x800,3498
2023-12-01,375x667,3477
2023-12-01,1280x800,3110
2023-12-01,810x1080,2754
2023-12-01,360x780,2637
2023-12-01,1220x1280,2586
2023-12-01,1280x960,2105
2023-12-01,768x1024,2049
2023-12-01,384x824,2026
2023-12-01,1536x960,1938
2023-12-01,820x1180,1786
2023-12-01,412x892,1777
2023-12-01,3440x1440,1763
2023-12-01,412x883,1658
2023-12-01,320x693,1623
2023-12-01,834x1194,1498
2023-12-01,384x854,1460
2023-12-01,1024x1366,1435
2023-12-01,1470x956,1412
2023-12-01,2048x1152,1346
2023-12-01,1512x982,1267
2023-12-01,385x854,1207
2023-12-01,2560x1080,1162
2023-12-01,384x832,1110
2023-12-01,412x869,1031
2023-11-30,1920x1080,106331
2023-11-30,1536x864,25724
2023-11-30,390x844,23837
2023-11-30,1440x900,17890
2023-11-30,800x600,17580
2023-11-30,1280x720,15250
2023-11-30,1366x768,14959
2023-11-30,428x926,12691
2023-11-30,430x932,10399
2023-11-30,414x896,9939
2023-11-30,393x852,7838
2023-11-30,375x812,7554
2023-11-30,2560x1440,7165
2023-11-30,1680x1050,6624
2023-11-30,1280x1024,6549
2023-11-30,1600x900,5260
2023-11-30,1920x1200,5146
2023-11-30,412x915,4724
2023-11-30,375x667,3788
2023-11-30,360x800,3739
2023-11-30,1280x800,3666
2023-11-30,412x812,3373
2023-11-30,810x1080,3188
2023-11-30,360x780,2916
2023-11-30,1536x960,2286
2023-11-30,768x1024,2221
2023-11-30,1220x1280,2212
2023-11-30,3440x1440,2158
2023-11-30,384x824,2103
2023-11-30,412x892,1981
2023-11-30,1280x960,1953
2023-11-30,820x1180,1947
2023-11-30,412x883,1787
2023-11-30,320x693,1769
2023-11-30,1470x956,1767
2023-11-30,834x1194,1733
2023-11-30,1512x982,1654
2023-11-30,384x854,1607
2023-11-30,2048x1152,1599
2023-11-30,1024x1366,1551
2023-11-30,385x854,1358
2023-11-30,2560x1080,1267
2023-11-30,384x832,1176
2023-11-30,1728x1117,1114
2023-11-30,384x857,1057
2023-11-30,412x869,1054
2023-11-30,1600x1200,1019
2023-11-29,1920x1080,106099
2023-11-29,1536x864,25683
2023-11-29,390x844,23603
2023-11-29,1440x900,18386
2023-11-29,1280x720,16455
2023-11-29,1366x768,15461
2023-11-29,428x926,12767
2023-11-29,800x600,12044
2023-11-29,430x932,10587
2023-11-29,414x896,10041
2023-11-29,393x852,7932
2023-11-29,375x812,7660
2023-11-29,2560x1440,7535
2023-11-29,1680x1050,6735
2023-11-29,1280x1024,6219
2023-11-29,1600x900,5268
2023-11-29,1920x1200,5227
2023-11-29,412x915,5040
2023-11-29,412x812,4916
2023-11-29,375x667,4092
2023-11-29,1280x800,4036
2023-11-29,360x800,3893
2023-11-29,810x1080,3063
2023-11-29,360x780,2967
2023-11-29,1280x960,2926
2023-11-29,1536x960,2428
2023-11-29,3440x1440,2245
2023-11-29,1220x1280,2217
2023-11-29,768x1024,2196
2023-11-29,384x824,2169
2023-11-29,412x892,2114
2023-11-29,820x1180,2097
2023-11-29,412x883,1789
2023-11-29,1470x956,1745
2023-11-29,834x1194,1729
2023-11-29,320x693,1712
2023-11-29,2048x1152,1697
2023-11-29,384x854,1666
2023-11-29,1024x1366,1632
2023-11-29,1512x982,1612
2023-11-29,385x854,1384
2023-11-29,2560x1080,1321
2023-11-29,1728x1117,1216
2023-11-29,412x869,1142
2023-11-29,384x832,1132
2023-11-29,384x857,1076
2023-11-28,1920x1080,112343
2023-11-28,800x600,38082
2023-11-28,1536x864,26473
2023-11-28,390x844,23688
2023-11-28,1440x900,18948
2023-11-28,1366x768,15630
2023-11-28,1280x720,15530
2023-11-28,428x926,12805
2023-11-28,430x932,10344
2023-11-28,414x896,10101
2023-11-28,375x812,7985
2023-11-28,393x852,7733
2023-11-28,2560x1440,7729
2023-11-28,412x812,7238
2023-11-28,1680x1050,6973
2023-11-28,1280x1024,5998
2023-11-28,1920x1200,5703
2023-11-28,1600x900,5218
2023-11-28,412x915,5046
2023-11-28,375x667,4107
2023-11-28,360x800,3922
2023-11-28,1280x800,3819
2023-11-28,810x1080,3292
2023-11-28,360x780,2951
2023-11-28,1220x1280,2328
2023-11-28,1536x960,2327
2023-11-28,3440x1440,2268
2023-11-28,1280x960,2226
2023-11-28,384x824,2224
2023-11-28,768x1024,2214
2023-11-28,412x892,2106
2023-11-28,820x1180,2091
2023-11-28,834x1194,1875
2023-11-28,320x693,1869
2023-11-28,1470x956,1811
2023-11-28,1512x982,1735
2023-11-28,2048x1152,1715
2023-11-28,412x883,1715
2023-11-28,1024x1366,1684
2023-11-28,384x854,1644
2023-11-28,385x854,1442
2023-11-28,2560x1080,1361
2023-11-28,1600x1200,1287
2023-11-28,1728x1117,1189
2023-11-28,412x869,1182
2023-11-28,384x832,1171
2023-11-28,384x857,1129
2023-11-28,1368x912,1053
2023-11-28,414x736,1049
2023-11-27,1920x1080,109150
2023-11-27,1536x864,26376
2023-11-27,390x844,24417
2023-11-27,1440x900,18836
2023-11-27,1366x768,15371
2023-11-27,1280x720,15236
2023-11-27,428x926,13223
2023-11-27,430x932,10688
2023-11-27,414x896,10476
2023-11-27,375x812,8102
2023-11-27,393x852,8033
2023-11-27,800x600,8014
2023-11-27,2560x1440,7723
2023-11-27,412x812,6910
2023-11-27,1680x1050,6550
2023-11-27,1280x1024,5661
2023-11-27,1600x900,5269
2023-11-27,412x915,5129
2023-11-27,1920x1200,5109
2023-11-27,375x667,4186
2023-11-27,360x800,4102
2023-11-27,1280x800,3912
2023-11-27,810x1080,3372
2023-11-27,360x780,3178
2023-11-27,1280x960,3177
2023-11-27,1220x1280,2673
2023-11-27,1536x960,2489
2023-11-27,3440x1440,2326
2023-11-27,768x1024,2306
2023-11-27,384x824,2279
2023-11-27,412x892,2023
2023-11-27,820x1180,1981
2023-11-27,412x883,1848
2023-11-27,1470x956,1786
2023-11-27,384x854,1777
2023-11-27,1512x982,1769
2023-11-27,320x693,1736
2023-11-27,834x1194,1687
2023-11-27,2048x1152,1686
2023-11-27,1024x1366,1647
2023-11-27,385x854,1492
2023-11-27,2560x1080,1427
2023-11-27,1600x1200,1328
2023-11-27,1728x1117,1302
2023-11-27,384x832,1292
2023-11-27,412x869,1150
2023-11-27,384x857,1113
2023-11-26,1920x1080,22913
2023-11-26,390x844,20609
2023-11-26,1440x900,12076
2023-11-26,428x926,10026
2023-11-26,1536x864,9344
2023-11-26,414x896,8619
2023-11-26,430x932,8291
2023-11-26,375x812,7018
2023-11-26,393x852,6995
2023-11-26,412x812,6579
2023-11-26,1366x768,6574
2023-11-26,1280x720,5031
2023-11-26,412x915,4195
2023-11-26,2560x1440,3743
2023-11-26,1280x1024,3644
2023-11-26,375x667,3579
2023-11-26,360x800,3358
2023-11-26,800x600,3357
2023-11-26,360x780,2508
2023-11-26,810x1080,2478
2023-11-26,1220x1280,2305
2023-11-26,768x1024,2088
2023-11-26,1280x800,2019
2023-11-26,1680x1050,1803
2023-11-26,412x892,1689
2023-11-26,820x1180,1656
2023-11-26,384x824,1621
2023-11-26,834x1194,1544
2023-11-26,320x693,1450
2023-11-26,1024x1366,1438
2023-11-26,1600x900,1429
2023-11-26,412x883,1398
2023-11-26,384x854,1372
2023-11-26,385x854,1188
2023-11-26,1600x1200,1149
2023-11-26,1470x956,1071
2023-11-25,1920x1080,31875
2023-11-25,390x844,19782
2023-11-25,1440x900,10043
2023-11-25,428x926,9224
2023-11-25,414x896,8226
2023-11-25,430x932,7711
2023-11-25,1536x864,7301
2023-11-25,412x812,6685
2023-11-25,393x852,6614
2023-11-25,375x812,6594
2023-11-25,1366x768,5682
2023-11-25,1280x1024,4161
2023-11-25,412x915,4109
2023-11-25,1280x720,3756
2023-11-25,375x667,3519
2023-11-25,360x800,3471
2023-11-25,1680x1050,3228
2023-11-25,360x780,2508
2023-11-25,2560x1440,2479
2023-11-25,1220x1280,2363
2023-11-25,810x1080,2268
2023-11-25,1600x900,1922
2023-11-25,800x600,1903
2023-11-25,768x1024,1874
2023-11-25,412x892,1781
2023-11-25,384x824,1588
2023-11-25,1280x800,1513
2023-11-25,320x693,1495
2023-11-25,820x1180,1488
2023-11-25,412x883,1434
2023-11-25,384x854,1339
2023-11-25,1024x1366,1231
2023-11-25,834x1194,1194
2023-11-25,385x854,1129
2023-11-24,1920x1080,45716
2023-11-24,390x844,18979
2023-11-24,1536x864,11016
2023-11-24,1440x900,10638
2023-11-24,428x926,9377
2023-11-24,414x896,7732
2023-11-24,430x932,7363
2023-11-24,1366x768,6866
2023-11-24,375x812,6220
2023-11-24,393x852,6073
2023-11-24,1280x720,5879
2023-11-24,1280x1024,4726
2023-11-24,412x812,4509
2023-11-24,412x915,3990
2023-11-24,1680x1050,3622
2023-11-24,360x800,3300
2023-11-24,2560x1440,3279
2023-11-24,375x667,3253
2023-11-24,800x600,3059
2023-11-24,1600x900,2770
2023-11-24,1220x1280,2411
2023-11-24,360x780,2411
2023-11-24,810x1080,2290
2023-11-24,768x1024,2005
2023-11-24,1280x800,1702
2023-11-24,412x892,1613
2023-11-24,384x824,1600
2023-11-24,820x1180,1477
2023-11-24,320x693,1397
2023-11-24,412x883,1360
2023-11-24,1024x1366,1356
2023-11-24,1920x1200,1326
2023-11-24,384x854,1285
2023-11-24,385x854,1200
2023-11-24,834x1194,1137
2023-11-23,1920x1080,17632
2023-11-23,390x844,16490
2023-11-23,800x600,16137
2023-11-23,1440x900,8554
2023-11-23,428x926,8327
2023-11-23,1536x864,7958
2023-11-23,414x896,7197
2023-11-23,430x932,6360
2023-11-23,1366x768,5902
2023-11-23,393x852,5610
2023-11-23,375x812,5469
2023-11-23,1280x720,4438
2023-11-23,1280x1024,3896
2023-11-23,412x915,3563
2023-11-23,412x812,3097
2023-11-23,375x667,3057
2023-11-23,360x800,2902
2023-11-23,1220x1280,2427
2023-11-23,360x780,2143
2023-11-23,810x1080,2027
2023-11-23,2560x1440,2010
2023-11-23,768x1024,1656
2023-11-23,412x892,1504
2023-11-23,1280x800,1373
2023-11-23,1600x900,1358
2023-11-23,384x824,1291
2023-11-23,320x693,1255
2023-11-23,820x1180,1163
2023-11-23,412x883,1153
2023-11-23,384x854,1100
2023-11-23,385x854,1054
2023-11-23,834x1194,1027
2023-11-23,1680x1050,1024
2023-11-23,1920x1200,1008
2023-11-23,1024x1366,1006
2023-11-22,1920x1080,72757
2023-11-22,390x844,22816
2023-11-22,1536x864,17517
2023-11-22,1440x900,12359
2023-11-22,428x926,11513
2023-11-22,1280x720,10041
2023-11-22,1366x768,9531
2023-11-22,414x896,9146
2023-11-22,430x932,9122
2023-11-22,393x852,7287
2023-11-22,375x812,7238
2023-11-22,2560x1440,5024
2023-11-22,1280x1024,5021
2023-11-22,1680x1050,4780
2023-11-22,412x915,4449
2023-11-22,1600x900,4083
2023-11-22,375x667,3912
2023-11-22,360x800,3771
2023-11-22,412x812,3255
2023-11-22,1920x1200,3153
2023-11-22,360x780,2714
2023-11-22,800x600,2680
2023-11-22,1280x800,2671
2023-11-22,810x1080,2601
2023-11-22,1220x1280,2373
2023-11-22,768x1024,2016
2023-11-22,412x892,1848
2023-11-22,384x824,1818
2023-11-22,1280x960,1791
2023-11-22,820x1180,1772
2023-11-22,320x693,1638
2023-11-22,412x883,1582
2023-11-22,1536x960,1530
2023-11-22,834x1194,1489
2023-11-22,3440x1440,1436
2023-11-22,384x854,1429
2023-11-22,1024x1366,1358
2023-11-22,385x854,1303
2023-11-22,412x869,1153
2023-11-22,2048x1152,1114
2023-11-22,1512x982,1089
2023-11-22,1470x956,1056
2023-11-22,384x832,1056
2023-11-21,1920x1080,102491
2023-11-21,390x844,25512
2023-11-21,1536x864,23855
2023-11-21,1440x900,15429
2023-11-21,1280x720,13936
2023-11-21,428x926,12482
2023-11-21,1366x768,12189
2023-11-21,430x932,10256
2023-11-21,414x896,10218
2023-11-21,393x852,8085
2023-11-21,375x812,8008
2023-11-21,2560x1440,6876
2023-11-21,1680x1050,6343
2023-11-21,1280x1024,5674
2023-11-21,412x812,5444
2023-11-21,412x915,5131
2023-11-21,1600x900,4844
2023-11-21,1920x1200,4583
2023-11-21,375x667,4312
2023-11-21,360x800,3961
2023-11-21,800x600,3578
2023-11-21,1280x800,3300
2023-11-21,810x1080,3048
2023-11-21,360x780,3015
2023-11-21,1220x1280,2640
2023-11-21,768x1024,2342
2023-11-21,412x892,2124
2023-11-21,1536x960,2086
2023-11-21,3440x1440,2000
2023-11-21,384x824,1994
2023-11-21,820x1180,1904
2023-11-21,320x693,1822
2023-11-21,1280x960,1755
2023-11-21,412x883,1689
2023-11-21,834x1194,1675
2023-11-21,384x854,1665
2023-11-21,1024x1366,1544
2023-11-21,2048x1152,1540
2023-11-21,385x854,1425
2023-11-21,1470x956,1392
2023-11-21,1512x982,1381
2023-11-21,2560x1080,1261
2023-11-21,1600x1200,1220
2023-11-21,384x832,1205
2023-11-21,412x869,1157
2023-11-21,414x736,1109
2023-11-21,1728x1117,1038
2023-11-20,1920x1080,103109
2023-11-20,390x844,25887
2023-11-20,1536x864,24094
2023-11-20,1440x900,17095
2023-11-20,1280x720,14261
2023-11-20,428x926,13650
2023-11-20,1366x768,13436
2023-11-20,414x896,10940
2023-11-20,430x932,10416
2023-11-20,375x812,8498
2023-11-20,393x852,8309
2023-11-20,2560x1440,7075
2023-11-20,1680x1050,6660
2023-11-20,412x812,6258
2023-11-20,1280x1024,6140
2023-11-20,1600x900,5264
2023-11-20,412x915,5243
2023-11-20,1920x1200,4648
2023-11-20,375x667,4370
2023-11-20,360x800,4241
2023-11-20,800x600,4140
2023-11-20,1280x800,3537
2023-11-20,360x780,3215
2023-11-20,810x1080,3206
2023-11-20,1220x1280,3004
2023-11-20,768x1024,2472
2023-11-20,412x892,2317
2023-11-20,384x824,2228
2023-11-20,1536x960,2219
2023-11-20,3440x1440,2053
2023-11-20,320x693,1978
2023-11-20,820x1180,1891
2023-11-20,412x883,1835
2023-11-20,1280x960,1760
2023-11-20,834x1194,1684
2023-11-20,384x854,1641
2023-11-20,1024x1366,1595
2023-11-20,1512x982,1570
2023-11-20,1470x956,1508
2023-11-20,2048x1152,1493
2023-11-20,385x854,1455
2023-11-20,384x832,1269
2023-11-20,2560x1080,1254
2023-11-20,412x869,1217
2023-11-20,1728x1117,1190
2023-11-20,1600x1200,1116
2023-11-20,384x857,1107
2023-11-20,414x736,1105
2023-11-19,1920x1080,23291
2023-11-19,390x844,20727
2023-11-19,1440x900,11465
2023-11-19,428x926,10698
2023-11-19,1536x864,9194
2023-11-19,414x896,8606
2023-11-19,430x932,8327
2023-11-19,393x852,6872
2023-11-19,375x812,6855
2023-11-19,412x812,6455
2023-11-19,1280x720,6293
2023-11-19,1366x768,6173
2023-11-19,412x915,4185
2023-11-19,800x600,4116
2023-11-19,1280x1024,3995
2023-11-19,360x800,3770
2023-11-19,375x667,3559
2023-11-19,360x780,2677
2023-11-19,2560x1440,2560
2023-11-19,810x1080,2459
2023-11-19,1220x1280,2328
2023-11-19,768x1024,2142
2023-11-19,1280x800,1998
2023-11-19,1680x1050,1877
2023-11-19,412x892,1809
2023-11-19,384x824,1707
2023-11-19,820x1180,1654
2023-11-19,320x693,1509
2023-11-19,384x854,1471
2023-11-19,1600x900,1470
2023-11-19,834x1194,1412
2023-11-19,412x883,1407
2023-11-19,1024x1366,1361
2023-11-19,385x854,1241
2023-11-19,1600x1200,1112
2023-11-19,1470x956,1066
2023-11-19,384x832,1011
2023-11-18,1920x1080,35411
2023-11-18,390x844,21511
2023-11-18,428x926,11021
2023-11-18,1440x900,10358
2023-11-18,414x896,9276
2023-11-18,1536x864,8493
2023-11-18,430x932,8303
2023-11-18,375x812,7603
2023-11-18,393x852,6916
2023-11-18,1280x720,6504
2023-11-18,412x812,6008
2023-11-18,1366x768,5841
2023-11-18,412x915,4697
2023-11-18,1280x1024,4225
2023-11-18,375x667,3862
2023-11-18,800x600,3803
2023-11-18,360x800,3792
2023-11-18,1680x1050,3582
2023-11-18,360x780,2863
2023-11-18,1220x1280,2637
2023-11-18,810x1080,2487
2023-11-18,2560x1440,2352
2023-11-18,768x1024,2245
2023-11-18,1600x900,2227
2023-11-18,412x892,2043
2023-11-18,384x824,1763
2023-11-18,1280x800,1745
2023-11-18,320x693,1672
2023-11-18,820x1180,1595
2023-11-18,412x883,1585
2023-11-18,384x854,1499
2023-11-18,834x1194,1353
2023-11-18,1024x1366,1315
2023-11-18,385x854,1298
2023-11-18,412x869,1063
2023-11-18,384x832,1027
2023-11-17,1920x1080,88275
2023-11-17,390x844,24853
2023-11-17,1536x864,19973
2023-11-17,1440x900,14454
2023-11-17,428x926,13077
2023-11-17,1280x720,12031
2023-11-17,1366x768,11950
2023-11-17,414x896,10530
2023-11-17,430x932,10015
2023-11-17,375x812,8360
2023-11-17,393x852,7626
2023-11-17,412x812,6212
2023-11-17,2560x1440,5878
2023-11-17,1680x1050,5737
2023-11-17,1280x1024,5273
2023-11-17,412x915,5010
2023-11-17,1600x900,4482
2023-11-17,375x667,4110
2023-11-17,360x800,4004
2023-11-17,1920x1200,3818
2023-11-17,1220x1280,3438
2023-11-17,800x600,3394
2023-11-17,810x1080,3011
2023-11-17,360x780,2984
2023-11-17,1280x800,2934
2023-11-17,1280x960,2355
2023-11-17,768x1024,2231
2023-11-17,412x892,2119
2023-11-17,384x824,2097
2023-11-17,320x693,1910
2023-11-17,820x1180,1909
2023-11-17,412x883,1830
2023-11-17,1536x960,1775
2023-11-17,3440x1440,1737
2023-11-17,384x854,1650
2023-11-17,834x1194,1490
2023-11-17,1024x1366,1435
2023-11-17,385x854,1345
2023-11-17,1512x982,1331
2023-11-17,2048x1152,1322
2023-11-17,1470x956,1226
2023-11-17,384x832,1200
2023-11-17,412x869,1173
2023-11-17,2560x1080,1037
2023-11-17,414x736,1010
2023-11-16,1920x1080,101292
2023-11-16,390x844,25092
2023-11-16,1536x864,23536
2023-11-16,1440x900,16896
2023-11-16,1280x720,14544
2023-11-16,1366x768,14535
2023-11-16,428x926,13268
2023-11-16,414x896,10585
2023-11-16,430x932,10092
2023-11-16,375x812,8181
2023-11-16,393x852,7717
2023-11-16,2560x1440,6744
2023-11-16,1680x1050,6241
2023-11-16,1280x1024,6218
2023-11-16,1600x900,4967
2023-11-16,412x915,4891
2023-11-16,1920x1200,4733
2023-11-16,800x600,4295
2023-11-16,375x667,4132
2023-11-16,360x800,3839
2023-11-16,412x812,3725
2023-11-16,1280x800,3360
2023-11-16,810x1080,3138
2023-11-16,360x780,2980
2023-11-16,1220x1280,2512
2023-11-16,768x1024,2261
2023-11-16,1536x960,2147
2023-11-16,3440x1440,2145
2023-11-16,412x892,2055
2023-11-16,384x824,1974
2023-11-16,820x1180,1938
2023-11-16,320x693,1876
2023-11-16,834x1194,1812
2023-11-16,412x883,1747
2023-11-16,1280x960,1745
2023-11-16,384x854,1714
2023-11-16,1470x956,1584
2023-11-16,1024x1366,1543
2023-11-16,1512x982,1443
2023-11-16,2048x1152,1418
2023-11-16,385x854,1381
2023-11-16,384x832,1205
2023-11-16,2560x1080,1149
2023-11-16,412x869,1099
2023-11-16,1728x1117,1095
2023-11-15,1920x1080,106573
2023-11-15,390x844,26272
2023-11-15,1536x864,25088
2023-11-15,1440x900,17775
2023-11-15,1366x768,15610
2023-11-15,1280x720,15143
2023-11-15,428x926,14636
2023-11-15,430x932,10952
2023-11-15,414x896,10859
2023-11-15,375x812,8979
2023-11-15,393x852,7970
2023-11-15,2560x1440,7493
2023-11-15,1680x1050,6789
2023-11-15,1280x1024,6389
2023-11-15,412x915,5352
2023-11-15,1920x1200,5203
2023-11-15,1600x900,4979
2023-11-15,1280x960,4417
2023-11-15,375x667,4362
2023-11-15,360x800,4234
2023-11-15,1280x800,3637
2023-11-15,810x1080,3270
2023-11-15,412x812,3199
2023-11-15,800x600,3171
2023-11-15,360x780,3155
2023-11-15,1536x960,2345
2023-11-15,768x1024,2314
2023-11-15,412x892,2266
2023-11-15,384x824,2263
2023-11-15,3440x1440,2239
2023-11-15,1220x1280,2149
2023-11-15,820x1180,1975
2023-11-15,412x883,1878
2023-11-15,320x693,1863
2023-11-15,834x1194,1797
2023-11-15,1024x1366,1755
2023-11-15,384x854,1754
2023-11-15,1512x982,1713
2023-11-15,2048x1152,1668
2023-11-15,1470x956,1657
2023-11-15,385x854,1493
2023-11-15,2560x1080,1295
2023-11-15,384x832,1289
2023-11-15,412x869,1213
2023-11-15,1728x1117,1182
2023-11-15,384x857,1136
2023-11-15,414x736,1104
2023-11-14,1920x1080,107498
2023-11-14,1536x864,25886
2023-11-14,390x844,24893
2023-11-14,1440x900,17813
2023-11-14,1280x720,17339
2023-11-14,1366x768,15475
2023-11-14,428x926,13929
2023-11-14,414x896,10861
2023-11-14,430x932,10144
2023-11-14,375x812,7969
2023-11-14,393x852,7762
2023-11-14,2560x1440,7472
2023-11-14,1680x1050,7048
2023-11-14,1280x1024,6448
2023-11-14,1920x1200,5330
2023-11-14,1600x900,5315
2023-11-14,412x915,4806
2023-11-14,375x667,4139
2023-11-14,360x800,3871
2023-11-14,412x812,3797
2023-11-14,1280x800,3584
2023-11-14,810x1080,3355
2023-11-14,800x600,3282
2023-11-14,360x780,2992
2023-11-14,768x1024,2404
2023-11-14,3440x1440,2386
2023-11-14,1220x1280,2366
2023-11-14,1536x960,2342
2023-11-14,384x824,2169
2023-11-14,820x1180,2086
2023-11-14,412x892,1936
2023-11-14,1280x960,1900
2023-11-14,320x693,1793
2023-11-14,834x1194,1787
2023-11-14,1470x956,1778
2023-11-14,1512x982,1752
2023-11-14,384x854,1730
2023-11-14,1024x1366,1721
2023-11-14,412x883,1683
2023-11-14,2048x1152,1646
2023-11-14,385x854,1424
2023-11-14,2560x1080,1232
2023-11-14,1728x1117,1157
2023-11-14,412x869,1131
2023-11-14,384x832,1126
2023-11-14,414x736,1077
2023-11-14,384x857,1015
2023-11-13,1920x1080,103248
2023-11-13,1536x864,25383
2023-11-13,390x844,25026
2023-11-13,1440x900,17872
2023-11-13,1280x720,16888
2023-11-13,1366x768,14727
2023-11-13,428x926,13936
2023-11-13,414x896,10483
2023-11-13,430x932,10449
2023-11-13,375x812,7845
2023-11-13,393x852,7651
2023-11-13,2560x1440,7251
2023-11-13,1680x1050,6689
2023-11-13,1280x1024,6446
2023-11-13,412x812,6256
2023-11-13,1600x900,5323
2023-11-13,1920x1200,4712
2023-11-13,412x915,4639
2023-11-13,375x667,4023
2023-11-13,1280x800,3773
2023-11-13,360x800,3695
2023-11-13,800x600,3262
2023-11-13,810x1080,3131
2023-11-13,360x780,2794
2023-11-13,768x1024,2367
2023-11-13,1220x1280,2346
2023-11-13,1536x960,2280
2023-11-13,3440x1440,2133
2023-11-13,1280x960,2057
2023-11-13,384x824,2039
2023-11-13,820x1180,1988
2023-11-13,412x892,1967
2023-11-13,834x1194,1825
2023-11-13,320x693,1792
2023-11-13,1470x956,1705
2023-11-13,1024x1366,1682
2023-11-13,412x883,1642
2023-11-13,1512x982,1631
2023-11-13,2048x1152,1600
2023-11-13,384x854,1583
2023-11-13,385x854,1326
2023-11-13,2560x1080,1302
2023-11-13,1728x1117,1277
2023-11-13,1600x1200,1187
2023-11-13,384x832,1066
2023-11-13,412x869,1022
2023-11-12,1920x1080,22596
2023-11-12,390x844,19639
2023-11-12,1440x900,12019
2023-11-12,428x926,9847
2023-11-12,1536x864,9480
2023-11-12,414x896,8143
2023-11-12,430x932,7279
2023-11-12,375x812,6433
2023-11-12,1366x768,6427
2023-11-12,393x852,6273
2023-11-12,412x812,5908
2023-11-12,1280x720,4818
2023-11-12,1280x1024,4132
2023-11-12,412x915,3902
2023-11-12,375x667,3471
2023-11-12,360x800,2920
2023-11-12,2560x1440,2722
2023-11-12,810x1080,2391
2023-11-12,360x780,2192
2023-11-12,768x1024,2092
2023-11-12,1220x1280,2090
2023-11-12,800x600,2025
2023-11-12,1280x800,2004
2023-11-12,1680x1050,1917
2023-11-12,412x892,1588
2023-11-12,1600x900,1564
2023-11-12,820x1180,1551
2023-11-12,384x824,1490
2023-11-12,320x693,1448
2023-11-12,834x1194,1396
2023-11-12,1024x1366,1359
2023-11-12,1600x1200,1291
2023-11-12,384x854,1274
2023-11-12,412x883,1226
2023-11-12,385x854,1097
2023-11-12,1470x956,1046
2023-11-11,1920x1080,34820
2023-11-11,390x844,19102
2023-11-11,1440x900,10219
2023-11-11,428x926,9938
2023-11-11,1536x864,8149
2023-11-11,414x896,8029
2023-11-11,430x932,7281
2023-11-11,412x812,6421
2023-11-11,375x812,6357
2023-11-11,393x852,5808
2023-11-11,1366x768,5530
2023-11-11,1280x1024,4378
2023-11-11,1280x720,3958
2023-11-11,412x915,3736
2023-11-11,1680x1050,3631
2023-11-11,375x667,3274
2023-11-11,360x800,3042
2023-11-11,1220x1280,2337
2023-11-11,2560x1440,2289
2023-11-11,360x780,2231
2023-11-11,810x1080,2217
2023-11-11,1600x900,2160
2023-11-11,800x600,1940
2023-11-11,768x1024,1871
2023-11-11,1280x800,1607
2023-11-11,412x892,1589
2023-11-11,820x1180,1463
2023-11-11,384x824,1407
2023-11-11,320x693,1378
2023-11-11,412x883,1313
2023-11-11,834x1194,1296
2023-11-11,384x854,1219
2023-11-11,1024x1366,1195
2023-11-11,1600x1200,1171
2023-11-11,385x854,1093
2023-11-10,1920x1080,73333
2023-11-10,390x844,21656
2023-11-10,1536x864,15818
2023-11-10,1440x900,13667
2023-11-10,428x926,11334
2023-11-10,1366x768,10389
2023-11-10,414x896,9295
2023-11-10,1280x720,8997
2023-11-10,430x932,8479
2023-11-10,375x812,7468
2023-11-10,412x812,6988
2023-11-10,393x852,6860
2023-11-10,1280x1024,5152
2023-11-10,2560x1440,5020
2023-11-10,1680x1050,4994
2023-11-10,412x915,4382
2023-11-10,1600x900,4077
2023-11-10,375x667,3647
2023-11-10,360x800,3432
2023-11-10,800x600,2986
2023-11-10,810x1080,2765
2023-11-10,1920x1200,2762
2023-11-10,1280x800,2564
2023-11-10,360x780,2463
2023-11-10,1220x1280,2367
2023-11-10,768x1024,2216
2023-11-10,412x892,1772
2023-11-10,820x1180,1769
2023-11-10,384x824,1753
2023-11-10,320x693,1652
2023-11-10,1280x960,1579
2023-11-10,412x883,1553
2023-11-10,834x1194,1540
2023-11-10,1536x960,1523
2023-11-10,384x854,1467
2023-11-10,1024x1366,1366
2023-11-10,3440x1440,1302
2023-11-10,385x854,1274
2023-11-10,1470x956,1187
2023-11-10,1512x982,1176
2023-11-10,2048x1152,1023
2023-11-10,412x869,1015
2023-11-09,1920x1080,101675
2023-11-09,390x844,24992
2023-11-09,1536x864,23495
2023-11-09,1440x900,17121
2023-11-09,1366x768,14043
2023-11-09,1280x720,13780
2023-11-09,428x926,12938
2023-11-09,414x896,10507
2023-11-09,430x932,9807
2023-11-09,375x812,8252
2023-11-09,393x852,7601
2023-11-09,2560x1440,6796
2023-11-09,1680x1050,6307
2023-11-09,1280x1024,5931
2023-11-09,412x812,5145
2023-11-09,1600x900,4894
2023-11-09,412x915,4829
2023-11-09,1920x1200,4726
2023-11-09,375x667,4186
2023-11-09,360x800,3650
2023-11-09,1280x800,3397
2023-11-09,810x1080,3266
2023-11-09,800x600,2893
2023-11-09,360x780,2803
2023-11-09,1280x960,2568
2023-11-09,1220x1280,2348
2023-11-09,768x1024,2336
2023-11-09,1536x960,2073
2023-11-09,820x1180,2002
2023-11-09,3440x1440,1978
2023-11-09,384x824,1973
2023-11-09,412x892,1961
2023-11-09,834x1194,1774
2023-11-09,320x693,1694
2023-11-09,384x854,1687
2023-11-09,240x320,1662
2023-11-09,412x883,1637
2023-11-09,1024x1366,1589
2023-11-09,2048x1152,1575
2023-11-09,1470x956,1531
2023-11-09,1512x982,1519
2023-11-09,385x854,1381
2023-11-09,2560x1080,1221
2023-11-09,1728x1117,1171
2023-11-09,412x869,1131
2023-11-09,384x832,1073
2023-11-08,1920x1080,104080
2023-11-08,1536x864,25102
2023-11-08,390x844,24640
2023-11-08,1440x900,18222
2023-11-08,1280x720,15441
2023-11-08,1366x768,14936
2023-11-08,428x926,13327
2023-11-08,414x896,10558
2023-11-08,430x932,9755
2023-11-08,375x812,7996
2023-11-08,393x852,7382
2023-11-08,2560x1440,7126
2023-11-08,1680x1050,7048
2023-11-08,1280x1024,6071
2023-11-08,1920x1200,5212
2023-11-08,1600x900,5113
2023-11-08,412x915,4857
2023-11-08,375x667,4093
2023-11-08,360x800,4088
2023-11-08,1280x800,3660
2023-11-08,412x812,3337
2023-11-08,800x600,3269
2023-11-08,810x1080,3225
2023-11-08,360x780,3027
2023-11-08,1220x1280,2883
2023-11-08,1280x960,2461
2023-11-08,768x1024,2459
2023-11-08,1536x960,2292
2023-11-08,820x1180,2124
2023-11-08,3440x1440,2123
2023-11-08,384x824,2070
2023-11-08,320x693,1964
2023-11-08,412x892,1955
2023-11-08,412x883,1722
2023-11-08,834x1194,1715
2023-11-08,1470x956,1712
2023-11-08,2048x1152,1674
2023-11-08,384x854,1659
2023-11-08,1024x1366,1619
2023-11-08,1512x982,1614
2023-11-08,385x854,1445
2023-11-08,2560x1080,1294
2023-11-08,240x320,1246
2023-11-08,1728x1117,1187
2023-11-08,384x832,1137
2023-11-08,414x736,1107
2023-11-08,412x869,1084
2023-11-07,1920x1080,109242
2023-11-07,390x844,25925
2023-11-07,1536x864,25629
2023-11-07,1440x900,18683
2023-11-07,1280x720,18432
2023-11-07,1366x768,14789
2023-11-07,428x926,12919
2023-11-07,414x896,11465
2023-11-07,430x932,9979
2023-11-07,375x812,8385
2023-11-07,393x852,7662
2023-11-07,2560x1440,7297
2023-11-07,1680x1050,7157
2023-11-07,1280x1024,6037
2023-11-07,1280x960,5545
2023-11-07,1600x900,5344
2023-11-07,1920x1200,5265
2023-11-07,412x915,4971
2023-11-07,800x600,4570
2023-11-07,375x667,4212
2023-11-07,360x800,4093
2023-11-07,810x1080,3599
2023-11-07,1280x800,3467
2023-11-07,412x812,3158
2023-11-07,360x780,2996
2023-11-07,768x1024,2679
2023-11-07,1220x1280,2531
2023-11-07,3440x1440,2318
2023-11-07,820x1180,2220
2023-11-07,1536x960,2187
2023-11-07,384x824,2158
2023-11-07,412x892,2020
2023-11-07,320x693,1951
2023-11-07,834x1194,1794
2023-11-07,1024x1366,1775
2023-11-07,384x854,1736
2023-11-07,2048x1152,1704
2023-11-07,1470x956,1692
2023-11-07,412x883,1684
2023-11-07,1512x982,1624
2023-11-07,385x854,1352
2023-11-07,412x869,1251
2023-11-07,2560x1080,1237
2023-11-07,1728x1117,1129
2023-11-07,384x832,1113
2023-11-07,384x857,1020
2023-11-07,414x736,1013
2023-11-06,1920x1080,108791
2023-11-06,1536x864,25683
2023-11-06,390x844,25133
2023-11-06,1440x900,18229
2023-11-06,1366x768,16530
2023-11-06,1280x720,15074
2023-11-06,428x926,13505
2023-11-06,414x896,11181
2023-11-06,430x932,10287
2023-11-06,375x812,8502
2023-11-06,393x852,7620
2023-11-06,2560x1440,7580
2023-11-06,1680x1050,7267
2023-11-06,1280x1024,6143
2023-11-06,412x812,5877
2023-11-06,1600x900,5559
2023-11-06,1920x1200,5058
2023-11-06,412x915,5022
2023-11-06,375x667,4180
2023-11-06,360x800,4062
2023-11-06,1280x800,3780
2023-11-06,800x600,3199
2023-11-06,810x1080,3157
2023-11-06,360x780,3019
2023-11-06,768x1024,2539
2023-11-06,1220x1280,2509
2023-11-06,1536x960,2290
2023-11-06,3440x1440,2243
2023-11-06,384x824,2125
2023-11-06,820x1180,2053
2023-11-06,1280x960,2051
2023-11-06,412x892,2030
2023-11-06,320x693,1938
2023-11-06,384x854,1791
2023-11-06,834x1194,1760
2023-11-06,1024x1366,1706
2023-11-06,1512x982,1705
2023-11-06,2048x1152,1689
2023-11-06,412x883,1662
2023-11-06,1470x956,1624
2023-11-06,385x854,1427
2023-11-06,2560x1080,1305
2023-11-06,1728x1117,1259
2023-11-06,1600x1200,1169
2023-11-06,412x869,1160
2023-11-06,384x832,1135
2023-11-06,414x736,1075
2023-11-05,1920x1080,22826
2023-11-05,390x844,21435
2023-11-05,1440x900,12074
2023-11-05,428x926,10341
2023-11-05,1536x864,9485
2023-11-05,414x896,9183
2023-11-05,430x932,7749
2023-11-05,375x812,7088
2023-11-05,1366x768,7037
2023-11-05,412x812,6771
2023-11-05,393x852,6446
2023-11-05,1280x720,5088
2023-11-05,412x915,4130
2023-11-05,1280x1024,4023
2023-11-05,375x667,3575
2023-11-05,360x800,3228
2023-11-05,2560x1440,2747
2023-11-05,1220x1280,2469
2023-11-05,810x1080,2449
2023-11-05,360x780,2440
2023-11-05,768x1024,2151
2023-11-05,800x600,2121
2023-11-05,1280x800,2028
2023-11-05,1680x1050,2018
2023-11-05,412x892,1723
2023-11-05,820x1180,1603
2023-11-05,320x693,1595
2023-11-05,384x824,1542
2023-11-05,1600x900,1520
2023-11-05,834x1194,1419
2023-11-05,384x854,1373
2023-11-05,1024x1366,1361
2023-11-05,412x883,1324
2023-11-05,1600x1200,1202
2023-11-05,385x854,1155
2023-11-05,1470x956,1080
2023-11-04,1920x1080,35649
2023-11-04,390x844,20793
2023-11-04,428x926,10672
2023-11-04,1440x900,10454
2023-11-04,414x896,8713
2023-11-04,1536x864,8328
2023-11-04,430x932,7795
2023-11-04,375x812,7454
2023-11-04,393x852,6323
2023-11-04,412x812,5891
2023-11-04,1366x768,5743
2023-11-04,1280x720,4239
2023-11-04,412x915,4181
2023-11-04,1280x1024,4087
2023-11-04,375x667,3938
2023-11-04,1680x1050,3786
2023-11-04,360x800,3497
2023-11-04,1220x1280,2691
2023-11-04,810x1080,2537
2023-11-04,360x780,2533
2023-11-04,768x1024,2301
2023-11-04,800x600,2281
2023-11-04,2560x1440,2278
2023-11-04,1600x900,2263
2023-11-04,412x892,1715
2023-11-04,1280x800,1702
2023-11-04,320x693,1620
2023-11-04,384x824,1611
2023-11-04,820x1180,1544
2023-11-04,384x854,1504
2023-11-04,412x883,1417
2023-11-04,834x1194,1389
2023-11-04,1024x1366,1261
2023-11-04,385x854,1153
2023-11-03,1920x1080,85761
2023-11-03,390x844,25350
2023-11-03,1536x864,20828
2023-11-03,1440x900,15022
2023-11-03,1366x768,13821
2023-11-03,428x926,13430
2023-11-03,1280x720,12347
2023-11-03,414x896,10793
2023-11-03,430x932,9520
2023-11-03,375x812,8735
2023-11-03,393x852,8067
2023-11-03,412x812,6888
2023-11-03,1680x1050,5838
2023-11-03,2560x1440,5742
2023-11-03,1280x1024,5423
2023-11-03,412x915,5102
2023-11-03,1600x900,4834
2023-11-03,375x667,4255
2023-11-03,360x800,3933
2023-11-03,1920x1200,3667
2023-11-03,800x600,3312
2023-11-03,1280x800,3078
2023-11-03,810x1080,3036
2023-11-03,360x780,2990
2023-11-03,1220x1280,2837
2023-11-03,768x1024,2384
2023-11-03,384x824,2075
2023-11-03,412x892,2033
2023-11-03,1280x960,2018
2023-11-03,820x1180,1937
2023-11-03,320x693,1830
2023-11-03,1536x960,1749
2023-11-03,3440x1440,1739
2023-11-03,412x883,1611
2023-11-03,834x1194,1608
2023-11-03,384x854,1599
2023-11-03,1024x1366,1444
2023-11-03,385x854,1388
2023-11-03,1600x1200,1306
2023-11-03,1512x982,1289
2023-11-03,2048x1152,1286
2023-11-03,1470x956,1282
2023-11-03,412x869,1190
2023-11-03,2560x1080,1107
2023-11-03,384x832,1101
2023-11-03,414x736,1084
2023-11-03,1728x1117,1012
2023-11-02,1920x1080,101360
2023-11-02,390x844,31031
2023-11-02,1536x864,24729
2023-11-02,1440x900,18176
2023-11-02,1280x720,16964
2023-11-02,428x926,15681
2023-11-02,1366x768,15126
2023-11-02,414x896,13075
2023-11-02,430x932,11170
2023-11-02,375x812,10035
2023-11-02,393x852,9153
2023-11-02,2560x1440,7206
2023-11-02,1680x1050,6881
2023-11-02,412x812,6715
2023-11-02,412x915,5792
2023-11-02,1280x1024,5498
2023-11-02,1600x900,5107
2023-11-02,1920x1200,4966
2023-11-02,360x800,4943
2023-11-02,375x667,4892
2023-11-02,810x1080,3768
2023-11-02,1280x800,3673
2023-11-02,360x780,3672
2023-11-02,1220x1280,3386
2023-11-02,800x600,3067
2023-11-02,768x1024,2795
2023-11-02,412x892,2438
2023-11-02,820x1180,2337
2023-11-02,320x693,2324
2023-11-02,384x824,2238
2023-11-02,1536x960,2139
2023-11-02,3440x1440,2100
2023-11-02,384x854,2056
2023-11-02,412x883,1978
2023-11-02,834x1194,1927
2023-11-02,1024x1366,1705
2023-11-02,1280x960,1703
2023-11-02,2048x1152,1668
2023-11-02,385x854,1652
2023-11-02,1470x956,1619
2023-11-02,1512x982,1595
2023-11-02,412x869,1428
2023-11-02,384x832,1346
2023-11-02,2560x1080,1272
2023-11-02,414x736,1219
2023-11-02,1600x1200,1215
2023-11-02,1728x1117,1118
2023-11-02,384x857,1047
2023-11-02,320x568,1031
2023-11-01,1920x1080,101790
2023-11-01,1536x864,24073
2023-11-01,390x844,23622
2023-11-01,1440x900,16831
2023-11-01,1280x720,15760
2023-11-01,1366x768,14311
2023-11-01,428x926,12999
2023-11-01,414x896,10272
2023-11-01,430x932,9470
2023-11-01,375x812,7700
2023-11-01,393x852,7124
2023-11-01,2560x1440,6992
2023-11-01,1680x1050,6493
2023-11-01,1280x1024,5393
2023-11-01,1920x1200,5001
2023-11-01,1600x900,4975
2023-11-01,412x915,4623
2023-11-01,1220x1280,4564
2023-11-01,800x600,4420
2023-11-01,375x667,3900
2023-11-01,360x800,3778
2023-11-01,412x812,3725
2023-11-01,1280x800,3439
2023-11-01,810x1080,3269
2023-11-01,360x780,2863
2023-11-01,768x1024,2257
2023-11-01,1536x960,2078
2023-11-01,384x824,2064
2023-11-01,3440x1440,2012
2023-11-01,412x892,1957
2023-11-01,820x1180,1949
2023-11-01,320x693,1747
2023-11-01,384x854,1737
2023-11-01,834x1194,1730
2023-11-01,1280x960,1704
2023-11-01,412x883,1672
2023-11-01,2048x1152,1616
2023-11-01,1024x1366,1610
2023-11-01,1470x956,1596
2023-11-01,1512x982,1562
2023-11-01,385x854,1357
2023-11-01,2560x1080,1201
2023-11-01,412x869,1170
2023-11-01,384x832,1115
2023-11-01,1728x1117,1097
2023-11-01,414x736,1018
2023-10-31,1920x1080,102227
2023-10-31,1536x864,23915
2023-10-31,390x844,21370
2023-10-31,1440x900,16871
2023-10-31,1280x720,15058
2023-10-31,1366x768,13573
2023-10-31,428x926,12023
2023-10-31,414x896,9128
2023-10-31,430x932,8639
2023-10-31,375x812,7302
2023-10-31,2560x1440,7031
2023-10-31,1680x1050,6719
2023-10-31,393x852,6284
2023-10-31,1280x1024,5494
2023-10-31,1600x900,5222
2023-10-31,1920x1200,5111
2023-10-31,800x600,4786
2023-10-31,412x915,4164
2023-10-31,375x667,3564
2023-10-31,1280x800,3546
2023-10-31,360x800,3524
2023-10-31,810x1080,2959
2023-10-31,1220x1280,2803
2023-10-31,360x780,2596
2023-10-31,3440x1440,2168
2023-10-31,768x1024,2166
2023-10-31,1536x960,2104
2023-10-31,412x812,2073
2023-10-31,1280x960,1980
2023-10-31,384x824,1857
2023-10-31,412x892,1815
2023-10-31,820x1180,1771
2023-10-31,2048x1152,1709
2023-10-31,834x1194,1658
2023-10-31,320x693,1601
2023-10-31,1470x956,1576
2023-10-31,1024x1366,1541
2023-10-31,412x883,1513
2023-10-31,1512x982,1461
2023-10-31,384x854,1388
2023-10-31,2560x1080,1299
2023-10-31,385x854,1281
2023-10-31,414x736,1136
2023-10-31,412x869,1024
2023-10-31,1728x1117,1022
2023-10-30,1920x1080,108949
2023-10-30,390x844,25907
2023-10-30,1536x864,25739
2023-10-30,1440x900,18012
2023-10-30,1280x720,15877
2023-10-30,1366x768,15774
2023-10-30,428x926,13877
2023-10-30,414x896,10852
2023-10-30,430x932,9780
2023-10-30,375x812,8608
2023-10-30,2560x1440,7616
2023-10-30,393x852,7406
2023-10-30,1680x1050,6852
2023-10-30,1280x1024,5886
2023-10-30,1600x900,5715
2023-10-30,1920x1200,5270
2023-10-30,800x600,4945
2023-10-30,412x915,4583
2023-10-30,375x667,4436
2023-10-30,1280x800,3758
2023-10-30,360x800,3674
2023-10-30,810x1080,3619
2023-10-30,412x812,3434
2023-10-30,768x1024,2916
2023-10-30,360x780,2817
2023-10-30,1220x1280,2813
2023-10-30,3440x1440,2352
2023-10-30,1536x960,2275
2023-10-30,820x1180,2106
2023-10-30,384x824,1973
2023-10-30,412x892,1966
2023-10-30,834x1194,1900
2023-10-30,320x693,1888
2023-10-30,1024x1366,1787
2023-10-30,1470x956,1675
2023-10-30,1280x960,1660
2023-10-30,2048x1152,1643
2023-10-30,1512x982,1629
2023-10-30,384x854,1600
2023-10-30,412x883,1582
2023-10-30,2560x1080,1407
2023-10-30,385x854,1353
2023-10-30,1728x1117,1278
2023-10-30,414x736,1132
2023-10-30,412x869,1120
2023-10-30,384x832,1076
2023-10-30,1368x912,1013
2023-10-29,1920x1080,23093
2023-10-29,390x844,18943
2023-10-29,1440x900,11218
2023-10-29,428x926,10193
2023-10-29,1536x864,9090
2023-10-29,414x896,8154
2023-10-29,430x932,6636
2023-10-29,375x812,6631
2023-10-29,1366x768,6329
2023-10-29,393x852,6125
2023-10-29,412x812,5114
2023-10-29,1280x720,4844
2023-10-29,1280x1024,4373
2023-10-29,412x915,3924
2023-10-29,1220x1280,3451
2023-10-29,800x600,3348
2023-10-29,375x667,3305
2023-10-29,360x800,3258
2023-10-29,810x1080,2562
2023-10-29,2560x1440,2539
2023-10-29,360x780,2431
2023-10-29,768x1024,2155
2023-10-29,1680x1050,1931
2023-10-29,1280x800,1910
2023-10-29,412x892,1702
2023-10-29,820x1180,1564
2023-10-29,320x693,1562
2023-10-29,1600x900,1523
2023-10-29,384x824,1476
2023-10-29,834x1194,1429
2023-10-29,1024x1366,1363
2023-10-29,384x854,1343
2023-10-29,412x883,1305
2023-10-29,385x854,1119
2023-10-29,1470x956,1021
2023-10-28,1920x1080,35297
2023-10-28,390x844,19799
2023-10-28,428x926,10628
2023-10-28,1440x900,9736
2023-10-28,414x896,8288
2023-10-28,1536x864,7989
2023-10-28,430x932,7393
2023-10-28,375x812,6854
2023-10-28,393x852,5883
2023-10-28,1366x768,5733
2023-10-28,412x812,4861
2023-10-28,1280x1024,4391
2023-10-28,412x915,4102
2023-10-28,1280x720,3904
2023-10-28,360x800,3609
2023-10-28,1680x1050,3524
2023-10-28,800x600,3495
2023-10-28,375x667,3480
2023-10-28,360x780,2518
2023-10-28,810x1080,2430
2023-10-28,1220x1280,2405
2023-10-28,2560x1440,2218
2023-10-28,768x1024,2153
2023-10-28,1600x900,2152
2023-10-28,412x892,1799
2023-10-28,384x824,1653
2023-10-28,1280x800,1542
2023-10-28,320x693,1499
2023-10-28,820x1180,1479
2023-10-28,384x854,1425
2023-10-28,412x883,1275
2023-10-28,385x854,1260
2023-10-28,1024x1366,1230
2023-10-28,834x1194,1226
2023-10-27,1920x1080,87104
2023-10-27,390x844,23349
2023-10-27,1536x864,20686
2023-10-27,1440x900,13973
2023-10-27,428x926,13260
2023-10-27,1366x768,12704
2023-10-27,1280x720,12268
2023-10-27,414x896,10202
2023-10-27,430x932,8924
2023-10-27,375x812,7974
2023-10-27,393x852,7187
2023-10-27,1680x1050,6178
2023-10-27,412x812,5992
2023-10-27,2560x1440,5880
2023-10-27,1280x1024,5328
2023-10-27,412x915,5036
2023-10-27,1600x900,4714
2023-10-27,800x600,4254
2023-10-27,360x800,4086
2023-10-27,375x667,3921
2023-10-27,1920x1200,3730
2023-10-27,810x1080,2998
2023-10-27,1280x800,2883
2023-10-27,360x780,2818
2023-10-27,1220x1280,2572
2023-10-27,768x1024,2385
2023-10-27,384x824,2089
2023-10-27,412x892,2007
2023-10-27,1280x960,1912
2023-10-27,1536x960,1882
2023-10-27,320x693,1835
2023-10-27,3440x1440,1835
2023-10-27,412x883,1769
2023-10-27,820x1180,1718
2023-10-27,384x854,1666
2023-10-27,1024x1366,1515
2023-10-27,834x1194,1501
2023-10-27,385x854,1390
2023-10-27,1470x956,1263
2023-10-27,1512x982,1248
2023-10-27,2048x1152,1229
2023-10-27,412x869,1161
2023-10-27,384x832,1129
2023-10-27,2560x1080,1039
2023-10-26,1920x1080,102353
2023-10-26,390x844,25287
2023-10-26,1536x864,24166
2023-10-26,1440x900,16848
2023-10-26,1280x720,16286
2023-10-26,1366x768,14478
2023-10-26,428x926,13972
2023-10-26,414x896,10508
2023-10-26,430x932,9541
2023-10-26,375x812,8544
2023-10-26,393x852,7706
2023-10-26,2560x1440,7116
2023-10-26,1680x1050,6987
2023-10-26,1280x1024,6044
2023-10-26,412x812,5973
2023-10-26,1600x900,5330
2023-10-26,412x915,5115
2023-10-26,1920x1200,4996
2023-10-26,800x600,4575
2023-10-26,375x667,4099
2023-10-26,360x800,3987
2023-10-26,1280x800,3429
2023-10-26,810x1080,3228
2023-10-26,360x780,2977
2023-10-26,768x1024,2475
2023-10-26,3440x1440,2196
2023-10-26,1536x960,2185
2023-10-26,1220x1280,2154
2023-10-26,384x824,2129
2023-10-26,412x892,2079
2023-10-26,820x1180,2049
2023-10-26,320x693,1925
2023-10-26,1280x960,1863
2023-10-26,412x883,1837
2023-10-26,384x854,1713
2023-10-26,834x1194,1680
2023-10-26,1024x1366,1609
2023-10-26,2048x1152,1575
2023-10-26,1512x982,1570
2023-10-26,1470x956,1457
2023-10-26,385x854,1444
2023-10-26,1600x1200,1237
2023-10-26,412x869,1230
2023-10-26,2560x1080,1222
2023-10-26,1728x1117,1210
2023-10-26,384x832,1188
2023-10-26,414x736,1133
2023-10-26,384x857,1001
2023-10-25,1920x1080,104674
2023-10-25,390x844,24825
2023-10-25,1536x864,24327
2023-10-25,1440x900,17536
2023-10-25,1280x720,14981
2023-10-25,1366x768,14935
2023-10-25,428x926,14423
2023-10-25,414x896,10821
2023-10-25,430x932,9496
2023-10-25,375x812,8571
2023-10-25,2560x1440,7666
2023-10-25,393x852,7643
2023-10-25,1680x1050,6855
2023-10-25,1280x1024,5838
2023-10-25,412x812,5338
2023-10-25,1920x1200,5109
2023-10-25,1600x900,5104
2023-10-25,412x915,5097
2023-10-25,800x600,4735
2023-10-25,375x667,4112
2023-10-25,360x800,3875
2023-10-25,1280x800,3533
2023-10-25,810x1080,3172
2023-10-25,360x780,2947
2023-10-25,1220x1280,2573
2023-10-25,768x1024,2554
2023-10-25,3440x1440,2287
2023-10-25,1536x960,2254
2023-10-25,820x1180,2100
2023-10-25,412x892,2061
2023-10-25,384x824,2009
2023-10-25,1512x982,1858
2023-10-25,320x693,1849
2023-10-25,834x1194,1828
2023-10-25,384x854,1763
2023-10-25,412x883,1730
2023-10-25,1024x1366,1708
2023-10-25,1470x956,1682
2023-10-25,2048x1152,1651
2023-10-25,1728x1117,1472
2023-10-25,385x854,1426
2023-10-25,2560x1080,1318
2023-10-25,1280x960,1303
2023-10-25,412x869,1174
2023-10-25,384x832,1150
2023-10-25,414x736,1145
2023-10-24,1920x1080,103912
2023-10-24,390x844,24423
2023-10-24,1536x864,24266
2023-10-24,1440x900,17619
2023-10-24,1366x768,14934
2023-10-24,1280x720,14905
2023-10-24,428x926,13431
2023-10-24,1280x960,11236
2023-10-24,414x896,10360
2023-10-24,430x932,9085
2023-10-24,375x812,8017
2023-10-24,393x852,7255
2023-10-24,2560x1440,6995
2023-10-24,1680x1050,6991
2023-10-24,412x812,5672
2023-10-24,1280x1024,5255
2023-10-24,1600x900,5145
2023-10-24,1920x1200,5022
2023-10-24,412x915,4708
2023-10-24,375x667,4038
2023-10-24,360x800,3784
2023-10-24,1280x800,3510
2023-10-24,810x1080,3188
2023-10-24,360x780,2920
2023-10-24,800x600,2700
2023-10-24,768x1024,2367
2023-10-24,3440x1440,2147
2023-10-24,1536x960,2146
2023-10-24,1220x1280,2130
2023-10-24,384x824,2043
2023-10-24,820x1180,1969
2023-10-24,412x892,1959
2023-10-24,834x1194,1848
2023-10-24,320x693,1780
2023-10-24,412x883,1688
2023-10-24,1512x982,1665
2023-10-24,1024x1366,1655
2023-10-24,2048x1152,1650
2023-10-24,1470x956,1627
2023-10-24,384x854,1554
2023-10-24,385x854,1424
2023-10-24,2560x1080,1357
2023-10-24,1600x1200,1288
2023-10-24,1728x1117,1240
2023-10-24,412x869,1127
2023-10-24,414x736,1094
2023-10-24,384x832,1082
2023-10-23,1920x1080,103415
2023-10-23,1536x864,24816
2023-10-23,390x844,23413
2023-10-23,1440x900,17866
2023-10-23,1366x768,15036
2023-10-23,1280x720,14471
2023-10-23,428x926,13174
2023-10-23,414x896,10129
2023-10-23,430x932,8782
2023-10-23,375x812,7708
2023-10-23,2560x1440,7223
2023-10-23,1680x1050,6855
2023-10-23,393x852,6725
2023-10-23,412x812,6308
2023-10-23,1600x900,5509
2023-10-23,1280x1024,4973
2023-10-23,1920x1200,4779
2023-10-23,412x915,4728
2023-10-23,375x667,3783
2023-10-23,360x800,3620
2023-10-23,1280x800,3580
2023-10-23,810x1080,3515
2023-10-23,800x600,3219
2023-10-23,360x780,2656
2023-10-23,768x1024,2429
2023-10-23,1220x1280,2269
2023-10-23,1536x960,2168
2023-10-23,3440x1440,2131
2023-10-23,820x1180,1990
2023-10-23,384x824,1931
2023-10-23,412x892,1890
2023-10-23,834x1194,1824
2023-10-23,320x693,1764
2023-10-23,1512x982,1620
2023-10-23,1024x1366,1610
2023-10-23,1470x956,1554
2023-10-23,2048x1152,1539
2023-10-23,384x854,1528
2023-10-23,412x883,1508
2023-10-23,1600x1200,1459
2023-10-23,385x854,1383
2023-10-23,2560x1080,1269
2023-10-23,1280x960,1173
2023-10-23,414x736,1155
2023-10-23,412x869,1144
2023-10-23,1728x1117,1124
2023-10-22,1920x1080,22935
2023-10-22,390x844,19261
2023-10-22,1440x900,11695
2023-10-22,428x926,10235
2023-10-22,1536x864,8824
2023-10-22,414x896,8400
2023-10-22,430x932,6700
2023-10-22,375x812,6474
2023-10-22,1366x768,6168
2023-10-22,393x852,5535
2023-10-22,412x812,5215
2023-10-22,1280x720,4788
2023-10-22,412x915,3829
2023-10-22,375x667,3513
2023-10-22,360x800,3046
2023-10-22,1280x1024,2787
2023-10-22,810x1080,2481
2023-10-22,2560x1440,2415
2023-10-22,768x1024,2209
2023-10-22,360x780,2201
2023-10-22,800x600,2165
2023-10-22,1220x1280,2084
2023-10-22,1680x1050,2008
2023-10-22,1280x800,1859
2023-10-22,820x1180,1576
2023-10-22,412x892,1501
2023-10-22,384x824,1460
2023-10-22,1600x900,1431
2023-10-22,834x1194,1429
2023-10-22,320x693,1386
2023-10-22,1024x1366,1322
2023-10-22,1600x1200,1301
2023-10-22,412x883,1260
2023-10-22,384x854,1252
2023-10-22,385x854,1102
2023-10-22,1470x956,1060
2023-10-21,1920x1080,35400
2023-10-21,390x844,19988
2023-10-21,428x926,10269
2023-10-21,1440x900,10024
2023-10-21,414x896,9501
2023-10-21,1536x864,8295
2023-10-21,430x932,7000
2023-10-21,375x812,6860
2023-10-21,1366x768,5845
2023-10-21,393x852,5782
2023-10-21,412x812,4654
2023-10-21,1280x720,4100
2023-10-21,412x915,4079
2023-10-21,375x667,3704
2023-10-21,1680x1050,3699
2023-10-21,360x800,3290
2023-10-21,1280x1024,2957
2023-10-21,810x1080,2725
2023-10-21,800x600,2476
2023-10-21,360x780,2384
2023-10-21,1600x900,2250
2023-10-21,1220x1280,2241
2023-10-21,768x1024,2225
2023-10-21,2560x1440,2160
2023-10-21,320x693,1591
2023-10-21,412x892,1541
2023-10-21,1280x800,1524
2023-10-21,820x1180,1522
2023-10-21,384x824,1473
2023-10-21,834x1194,1310
2023-10-21,1024x1366,1302
2023-10-21,384x854,1285
2023-10-21,412x883,1195
2023-10-21,1600x1200,1162
2023-10-21,385x854,1145
2023-10-21,414x736,1095
2023-10-20,1920x1080,87213
2023-10-20,390x844,23244
2023-10-20,1536x864,19363
2023-10-20,1440x900,14614
2023-10-20,428x926,12876
2023-10-20,1366x768,12620
2023-10-20,1280x720,12539
2023-10-20,414x896,10858
2023-10-20,430x932,8383
2023-10-20,375x812,7795
2023-10-20,393x852,6542
2023-10-20,1680x1050,6015
2023-10-20,2560x1440,5425
2023-10-20,1280x1024,5138
2023-10-20,412x915,4815
2023-10-20,1600x900,4521
2023-10-20,375x667,4276
2023-10-20,360x800,3808
2023-10-20,1920x1200,3682
2023-10-20,810x1080,3288
2023-10-20,412x812,3193
2023-10-20,1280x800,2747
2023-10-20,360x780,2685
2023-10-20,800x600,2423
2023-10-20,768x1024,2335
2023-10-20,1220x1280,2306
2023-10-20,384x824,1992
2023-10-20,320x693,1837
2023-10-20,820x1180,1829
2023-10-20,412x892,1828
2023-10-20,1536x960,1707
2023-10-20,384x854,1690
2023-10-20,3440x1440,1596
2023-10-20,412x883,1594
2023-10-20,834x1194,1459
2023-10-20,1024x1366,1408
2023-10-20,385x854,1366
2023-10-20,1512x982,1213
2023-10-20,2048x1152,1204
2023-10-20,1280x960,1166
2023-10-20,412x869,1162
2023-10-20,1470x956,1161
2023-10-20,2560x1080,1098
2023-10-20,384x832,1076
2023-10-20,1600x1200,1037
2023-10-20,384x857,1016
2023-10-19,1920x1080,96740
2023-10-19,390x844,24175
2023-10-19,1536x864,22680
2023-10-19,1440x900,16495
2023-10-19,1366x768,14764
2023-10-19,1280x720,13829
2023-10-19,428x926,13310
2023-10-19,414x896,11430
2023-10-19,430x932,8850
2023-10-19,375x812,8005
2023-10-19,393x852,6862
2023-10-19,2560x1440,6629
2023-10-19,1680x1050,6575
2023-10-19,1280x1024,6144
2023-10-19,1920x1200,4919
2023-10-19,412x915,4842
2023-10-19,1600x900,4806
2023-10-19,375x667,4115
2023-10-19,360x800,3817
2023-10-19,810x1080,3748
2023-10-19,1280x800,3111
2023-10-19,360x780,2969
2023-10-19,768x1024,2586
2023-10-19,1220x1280,2499
2023-10-19,800x600,2179
2023-10-19,1536x960,2162
2023-10-19,384x824,2036
2023-10-19,820x1180,2026
2023-10-19,412x892,1965
2023-10-19,3440x1440,1936
2023-10-19,412x812,1874
2023-10-19,320x693,1823
2023-10-19,384x854,1639
2023-10-19,412x883,1632
2023-10-19,834x1194,1607
2023-10-19,1024x1366,1566
2023-10-19,2048x1152,1486
2023-10-19,385x854,1450
2023-10-19,1280x960,1434
2023-10-19,1470x956,1423
2023-10-19,1512x982,1393
2023-10-19,412x869,1194
2023-10-19,414x736,1183
2023-10-19,2560x1080,1170
2023-10-19,384x832,1066
2023-10-19,1728x1117,1064
2023-10-18,1920x1080,102613
2023-10-18,390x844,25120
2023-10-18,1536x864,24462
2023-10-18,1280x720,18126
2023-10-18,1440x900,17550
2023-10-18,1366x768,15241
2023-10-18,428x926,13921
2023-10-18,414x896,11864
2023-10-18,430x932,9001
2023-10-18,375x812,8379
2023-10-18,393x852,6874
2023-10-18,1680x1050,6737
2023-10-18,2560x1440,6560
2023-10-18,1280x1024,5319
2023-10-18,1600x900,5019
2023-10-18,1920x1200,5018
2023-10-18,412x915,4938
2023-10-18,360x800,4133
2023-10-18,375x667,4066
2023-10-18,810x1080,3635
2023-10-18,1280x800,3239
2023-10-18,360x780,3082
2023-10-18,1220x1280,2889
2023-10-18,800x600,2767
2023-10-18,768x1024,2453
2023-10-18,1536x960,2166
2023-10-18,820x1180,2131
2023-10-18,412x812,2091
2023-10-18,412x892,2077
2023-10-18,384x824,2041
2023-10-18,3440x1440,2027
2023-10-18,320x693,1840
2023-10-18,412x883,1806
2023-10-18,1024x1366,1788
2023-10-18,384x854,1730
2023-10-18,834x1194,1677
2023-10-18,2048x1152,1583
2023-10-18,385x854,1476
2023-10-18,1470x956,1470
2023-10-18,1512x982,1464
2023-10-18,2560x1080,1266
2023-10-18,412x869,1235
2023-10-18,1728x1117,1146
2023-10-18,1280x960,1077
2023-10-18,384x832,1052
2023-10-18,414x736,1048
2023-10-17,1920x1080,104311
2023-10-17,390x844,26026
2023-10-17,1536x864,25303
2023-10-17,1440x900,17694
2023-10-17,1280x720,15831
2023-10-17,1366x768,15203
2023-10-17,428x926,13723
2023-10-17,414x896,11446
2023-10-17,430x932,9101
2023-10-17,375x812,8529
2023-10-17,2560x1440,7160
2023-10-17,1680x1050,6951
2023-10-17,393x852,6666
2023-10-17,412x915,5097
2023-10-17,1600x900,5066
2023-10-17,1280x1024,5010
2023-10-17,1920x1200,4973
2023-10-17,800x600,4383
2023-10-17,375x667,4252
2023-10-17,360x800,4030
2023-10-17,810x1080,3711
2023-10-17,1280x800,3467
2023-10-17,360x780,2938
2023-10-17,768x1024,2580
2023-10-17,1220x1280,2579
2023-10-17,1536x960,2190
2023-10-17,820x1180,2152
2023-10-17,3440x1440,2112
2023-10-17,384x824,2088
2023-10-17,412x892,1971
2023-10-17,384x854,1769
2023-10-17,320x693,1767
2023-10-17,1024x1366,1702
2023-10-17,834x1194,1700
2023-10-17,412x883,1694
2023-10-17,2048x1152,1664
2023-10-17,1512x982,1506
2023-10-17,1470x956,1477
2023-10-17,385x854,1430
2023-10-17,1280x960,1365
2023-10-17,412x812,1292
2023-10-17,2560x1080,1257
2023-10-17,412x869,1208
2023-10-17,414x736,1161
2023-10-17,1728x1117,1132
2023-10-17,384x857,1081
2023-10-16,1920x1080,104038
2023-10-16,390x844,25147
2023-10-16,1536x864,24696
2023-10-16,1440x900,17916
2023-10-16,1280x720,15336
2023-10-16,1366x768,14957
2023-10-16,428x926,13775
2023-10-16,414x896,11943
2023-10-16,430x932,9130
2023-10-16,375x812,8510
2023-10-16,800x600,7633
2023-10-16,2560x1440,7223
2023-10-16,1680x1050,6923
2023-10-16,393x852,6885
2023-10-16,1280x1024,5193
2023-10-16,1600x900,5103
2023-10-16,412x915,5084
2023-10-16,1920x1200,4781
2023-10-16,375x667,4336
2023-10-16,360x800,4089
2023-10-16,810x1080,3692
2023-10-16,1280x800,3364
2023-10-16,360x780,3009
2023-10-16,1220x1280,2639
2023-10-16,768x1024,2567
2023-10-16,3440x1440,2241
2023-10-16,820x1180,2096
2023-10-16,384x824,2052
2023-10-16,1536x960,2050
2023-10-16,412x892,1991
2023-10-16,320x693,1813
2023-10-16,834x1194,1811
2023-10-16,384x854,1745
2023-10-16,412x883,1738
2023-10-16,1024x1366,1632
2023-10-16,2048x1152,1626
2023-10-16,1512x982,1567
2023-10-16,412x812,1561
2023-10-16,1470x956,1522
2023-10-16,385x854,1494
2023-10-16,2560x1080,1271
2023-10-16,412x869,1212
2023-10-16,1280x960,1199
2023-10-16,1728x1117,1174
2023-10-16,414x736,1170
2023-10-16,384x832,1054
2023-10-15,1920x1080,21598
2023-10-15,390x844,20441
2023-10-15,1440x900,11436
2023-10-15,428x926,10181
2023-10-15,414x896,9025
2023-10-15,1536x864,8786
2023-10-15,430x932,6689
2023-10-15,375x812,6677
2023-10-15,1366x768,6129
2023-10-15,393x852,5515
2023-10-15,1280x720,4873
2023-10-15,412x915,4214
2023-10-15,1280x1024,3860
2023-10-15,375x667,3499
2023-10-15,360x800,3298
2023-10-15,810x1080,3038
2023-10-15,360x780,2584
2023-10-15,2560x1440,2503
2023-10-15,800x600,2375
2023-10-15,768x1024,2357
2023-10-15,1220x1280,2315
2023-10-15,1680x1050,1881
2023-10-15,1280x800,1857
2023-10-15,820x1180,1728
2023-10-15,412x892,1688
2023-10-15,384x824,1561
2023-10-15,320x693,1507
2023-10-15,1600x900,1474
2023-10-15,834x1194,1416
2023-10-15,384x854,1404
2023-10-15,1024x1366,1340
2023-10-15,385x854,1299
2023-10-15,412x883,1255
2023-10-15,412x812,1162
2023-10-15,414x736,1118
2023-10-14,1920x1080,34402
2023-10-14,800x600,31430
2023-10-14,390x844,19761
2023-10-14,428x926,10555
2023-10-14,1440x900,10368
2023-10-14,414x896,9413
2023-10-14,1536x864,8002
2023-10-14,375x812,7019
2023-10-14,430x932,6841
2023-10-14,1366x768,5559
2023-10-14,393x852,5533
2023-10-14,412x915,4346
2023-10-14,1280x720,4080
2023-10-14,360x800,4065
2023-10-14,1280x1024,3963
2023-10-14,1680x1050,3751
2023-10-14,375x667,3692
2023-10-14,810x1080,2885
2023-10-14,360x780,2762
2023-10-14,1220x1280,2598
2023-10-14,768x1024,2358
2023-10-14,1600x900,2231
2023-10-14,2560x1440,2164
2023-10-14,412x892,1720
2023-10-14,320x693,1589
2023-10-14,384x824,1554
2023-10-14,820x1180,1519
2023-10-14,1280x800,1500
2023-10-14,384x854,1492
2023-10-14,834x1194,1438
2023-10-14,385x854,1388
2023-10-14,1024x1366,1319
2023-10-14,412x883,1304
2023-10-14,414x736,1110
2023-10-14,412x812,1100
2023-10-14,412x869,1083
2023-10-13,1920x1080,84701
2023-10-13,390x844,22560
2023-10-13,1536x864,20561
2023-10-13,1440x900,14269
2023-10-13,800x600,13032
2023-10-13,428x926,12951
2023-10-13,1280x720,12351
2023-10-13,1366x768,11659
2023-10-13,414x896,11161
2023-10-13,430x932,8266
2023-10-13,375x812,8036
2023-10-13,393x852,5960
2023-10-13,1680x1050,5863
2023-10-13,2560x1440,5479
2023-10-13,412x915,5010
2023-10-13,360x800,4935
2023-10-13,1280x1024,4616
2023-10-13,1600x900,4493
2023-10-13,375x667,4086
2023-10-13,1920x1200,3502
2023-10-13,810x1080,3481
2023-10-13,360x780,3184
2023-10-13,1220x1280,2819
2023-10-13,1280x800,2644
2023-10-13,768x1024,2624
2023-10-13,412x892,1983
2023-10-13,320x640,1883
2023-10-13,384x824,1882
2023-10-13,820x1180,1850
2023-10-13,385x854,1849
2023-10-13,320x693,1723
2023-10-13,1536x960,1710
2023-10-13,384x854,1618
2023-10-13,412x883,1618
2023-10-13,3440x1440,1596
2023-10-13,834x1194,1501
2023-10-13,1024x1366,1488
2023-10-13,412x812,1328
2023-10-13,2048x1152,1286
2023-10-13,1280x960,1227
2023-10-13,1024x768,1212
2023-10-13,414x736,1186
2023-10-13,412x869,1131
2023-10-13,1512x982,1110
2023-10-13,2560x1080,1104
2023-10-13,1470x956,1084
2023-10-13,384x857,1047
2023-10-13,360x760,1034
2023-10-13,384x832,1028
2023-10-12,1920x1080,102713
2023-10-12,390x844,24280
2023-10-12,1536x864,23496
2023-10-12,800x600,18768
2023-10-12,1280x720,16979
2023-10-12,1440x900,16964
2023-10-12,428x926,14094
2023-10-12,1366x768,14074
2023-10-12,414x896,12024
2023-10-12,430x932,8692
2023-10-12,375x812,8567
2023-10-12,1680x1050,6645
2023-10-12,393x852,6557
2023-10-12,2560x1440,6547
2023-10-12,1280x1024,5357
2023-10-12,412x915,5162
2023-10-12,1600x900,5040
2023-10-12,1920x1200,4783
2023-10-12,375x667,4397
2023-10-12,360x800,4284
2023-10-12,810x1080,3441
2023-10-12,1280x800,3181
2023-10-12,360x780,3154
2023-10-12,412x812,3099
2023-10-12,1220x1280,2732
2023-10-12,768x1024,2499
2023-10-12,1280x960,2218
2023-10-12,412x892,2121
2023-10-12,1536x960,2051
2023-10-12,820x1180,2044
2023-10-12,3440x1440,2033
2023-10-12,384x824,2010
2023-10-12,320x693,1905
2023-10-12,384x854,1838
2023-10-12,385x854,1760
2023-10-12,412x883,1750
2023-10-12,1024x1366,1658
2023-10-12,834x1194,1649
2023-10-12,2048x1152,1614
2023-10-12,1512x982,1409
2023-10-12,1470x956,1331
2023-10-12,414x736,1267
2023-10-12,412x869,1225
2023-10-12,2560x1080,1200
2023-10-12,384x832,1080
2023-10-12,1600x1200,1070
2023-10-12,1728x1117,1068
2023-10-12,320x640,1017
2023-10-12,384x857,1017
2023-10-11,1920x1080,101168
2023-10-11,800x600,26332
2023-10-11,390x844,26042
2023-10-11,1536x864,24370
2023-10-11,1440x900,17447
2023-10-11,428x926,15197
2023-10-11,1366x768,14566
2023-10-11,1280x720,14473
2023-10-11,414x896,11841
2023-10-11,430x932,9176
2023-10-11,375x812,8870
2023-10-11,2560x1440,6980
2023-10-11,393x852,6759
2023-10-11,1680x1050,6749
2023-10-11,412x915,5442
2023-10-11,1280x1024,5345
2023-10-11,412x812,5319
2023-10-11,1600x900,5086
2023-10-11,1920x1200,4989
2023-10-11,375x667,4411
2023-10-11,360x800,4388
2023-10-11,810x1080,3377
2023-10-11,360x780,3356
2023-10-11,1280x800,3302
2023-10-11,768x1024,2556
2023-10-11,1220x1280,2343
2023-10-11,412x892,2200
2023-10-11,384x824,2168
2023-10-11,820x1180,2110
2023-10-11,3440x1440,2079
2023-10-11,1536x960,2056
2023-10-11,320x693,1953
2023-10-11,384x854,1950
2023-10-11,834x1194,1771
2023-10-11,412x883,1770
2023-10-11,385x854,1751
2023-10-11,1024x1366,1664
2023-10-11,2048x1152,1631
2023-10-11,1512x982,1433
2023-10-11,1470x956,1429
2023-10-11,412x869,1346
2023-10-11,2560x1080,1325
2023-10-11,414x736,1302
2023-10-11,384x832,1254
2023-10-11,1600x1200,1174
2023-10-11,1728x1117,1099
2023-10-11,1280x960,1089
2023-10-11,384x857,1078
2023-10-11,393x873,1063
2023-10-10,1920x1080,96906
2023-10-10,390x844,24891
2023-10-10,1536x864,23525
2023-10-10,1440x900,17766
2023-10-10,428x926,14689
2023-10-10,1280x720,14102
2023-10-10,1366x768,13867
2023-10-10,414x896,11699
2023-10-10,430x932,8941
2023-10-10,375x812,8330
2023-10-10,800x600,8112
2023-10-10,2560x1440,6977
2023-10-10,1680x1050,6586
2023-10-10,393x852,6400
2023-10-10,412x812,5357
2023-10-10,412x915,5073
2023-10-10,1600x900,5072
2023-10-10,1920x1200,4860
2023-10-10,1280x1024,4326
2023-10-10,375x667,4238
2023-10-10,360x800,4159
2023-10-10,810x1080,3312
2023-10-10,1280x800,3308
2023-10-10,360x780,3146
2023-10-10,768x1024,2407
2023-10-10,1220x1280,2398
2023-10-10,384x824,2217
2023-10-10,3440x1440,2158
2023-10-10,412x892,2074
2023-10-10,1536x960,2012
2023-10-10,820x1180,1977
2023-10-10,320x693,1783
2023-10-10,412x883,1776
2023-10-10,384x854,1760
2023-10-10,385x854,1638
2023-10-10,834x1194,1598
2023-10-10,2048x1152,1588
2023-10-10,1512x982,1521
2023-10-10,1024x1366,1517
2023-10-10,1470x956,1461
2023-10-10,2560x1080,1255
2023-10-10,1600x1200,1246
2023-10-10,1280x960,1244
2023-10-10,412x869,1185
2023-10-10,414x736,1183
2023-10-10,1728x1117,1135
2023-10-10,384x832,1080
2023-10-10,384x857,1030
2023-10-09,1920x1080,84733
2023-10-09,390x844,23159
2023-10-09,1536x864,19945
2023-10-09,1440x900,16772
2023-10-09,428x926,13088
2023-10-09,1366x768,12470
2023-10-09,1280x720,11399
2023-10-09,414x896,10853
2023-10-09,430x932,8226
2023-10-09,375x812,7695
2023-10-09,800x600,6652
2023-10-09,393x852,6108
2023-10-09,2560x1440,6107
2023-10-09,1680x1050,5769
2023-10-09,412x812,5597
2023-10-09,412x915,4915
2023-10-09,1600x900,4633
2023-10-09,1280x1024,4101
2023-10-09,375x667,4048
2023-10-09,360x800,3900
2023-10-09,1920x1200,3655
2023-10-09,1280x800,2975
2023-10-09,810x1080,2887
2023-10-09,360x780,2795
2023-10-09,768x1024,2256
2023-10-09,1220x1280,2139
2023-10-09,412x892,2023
2023-10-09,384x824,2011
2023-10-09,1536x960,1863
2023-10-09,820x1180,1838
2023-10-09,240x320,1657
2023-10-09,412x883,1601
2023-10-09,384x854,1598
2023-10-09,320x693,1575
2023-10-09,834x1194,1537
2023-10-09,3440x1440,1522
2023-10-09,385x854,1520
2023-10-09,1024x1366,1519
2023-10-09,1470x956,1391
2023-10-09,1512x982,1360
2023-10-09,2048x1152,1312
2023-10-09,1600x1200,1301
2023-10-09,412x869,1132
2023-10-09,1280x960,1116
2023-10-09,414x736,1103
2023-10-09,2560x1080,1079
2023-10-09,384x832,1027
2023-10-08,1920x1080,21815
2023-10-08,390x844,19508
2023-10-08,1440x900,11614
2023-10-08,428x926,10106
2023-10-08,414x896,8485
2023-10-08,1536x864,8327
2023-10-08,375x812,6583
2023-10-08,430x932,6370
2023-10-08,1366x768,6127
2023-10-08,393x852,5045
2023-10-08,1280x720,4556
2023-10-08,412x915,3713
2023-10-08,412x812,3490
2023-10-08,375x667,3438
2023-10-08,360x800,3057
2023-10-08,1280x1024,2738
2023-10-08,800x600,2302
2023-10-08,2560x1440,2247
2023-10-08,360x780,2235
2023-10-08,810x1080,2235
2023-10-08,768x1024,1900
2023-10-08,1680x1050,1862
2023-10-08,1220x1280,1789
2023-10-08,412x892,1605
2023-10-08,1280x800,1594
2023-10-08,820x1180,1432
2023-10-08,384x824,1401
2023-10-08,320x693,1393
2023-10-08,1600x900,1360
2023-10-08,384x854,1320
2023-10-08,412x883,1267
2023-10-08,240x320,1255
2023-10-08,834x1194,1251
2023-10-08,1024x1366,1164
2023-10-08,385x854,1139
2023-10-07,1920x1080,34121
2023-10-07,390x844,19572
2023-10-07,1440x900,10444
2023-10-07,428x926,10340
2023-10-07,800x600,9332
2023-10-07,414x896,8361
2023-10-07,1536x864,7713
2023-10-07,375x812,6765
2023-10-07,430x932,6741
2023-10-07,1366x768,5820
2023-10-07,393x852,5118
2023-10-07,412x915,4000
2023-10-07,412x812,3988
2023-10-07,1280x720,3831
2023-10-07,1680x1050,3559
2023-10-07,375x667,3550
2023-10-07,360x800,3225
2023-10-07,1280x1024,3048
2023-10-07,360x780,2258
2023-10-07,810x1080,2221
2023-10-07,1600x900,2160
2023-10-07,2560x1440,2089
2023-10-07,768x1024,1995
2023-10-07,1220x1280,1832
2023-10-07,412x892,1646
2023-10-07,1280x800,1495
2023-10-07,384x824,1443
2023-10-07,320x693,1437
2023-10-07,820x1180,1355
2023-10-07,384x854,1324
2023-10-07,412x883,1278
2023-10-07,834x1194,1198
2023-10-07,385x854,1179
2023-10-07,1024x1366,1103