date,language,visits
2024-01-04,English,462851
2024-01-04,Spanish,8949
2024-01-04,Chinese,4528
2024-01-04,French,1455
2024-01-04,German,1304
2024-01-04,Portuguese,1210
2024-01-04,Russian,940
2024-01-04,Korean,847
2024-01-04,Japanese,716
2024-01-04,Italian,652
2024-01-04,Turkish,492
2024-01-04,Dutch,440
2024-01-04,Arabic,437
2024-01-04,Vietnamese,348
2024-01-04,Polish,345
2024-01-04,Greek,277
2024-01-04,Indonesian,200
2024-01-04,Swedish,183
2024-01-04,Thai,177
2024-01-04,Ukrainian,163
2024-01-04,Czech,146
2024-01-04,Persian,129
2024-01-04,Danish,128
2024-01-04,Hungarian,122
2024-01-04,Norwegian Bokmål,122
2024-01-04,(other),118
2024-01-04,Hebrew,112
2024-01-04,Finnish,80
2024-01-04,Romanian,78
2024-01-04,Croatian,60
2024-01-04,Slovak,55
2024-01-04,Bulgarian,46
2024-01-04,Hindi,45
2024-01-04,Catalan,42
2024-01-04,Slovenian,40
2024-01-04,Serbian,33
2024-01-04,Lithuanian,29
2024-01-04,Latvian,17
2024-01-03,English,458097
2024-01-03,Spanish,9323
2024-01-03,Chinese,4531
2024-01-03,French,1534
2024-01-03,German,1336
2024-01-03,Portuguese,1179
2024-01-03,Russian,966
2024-01-03,Korean,786
2024-01-03,Italian,572
2024-01-03,Japanese,529
2024-01-03,Turkish,488
2024-01-03,Dutch,443
2024-01-03,Arabic,424
2024-01-03,Polish,335
2024-01-03,Vietnamese,323
2024-01-03,Indonesian,236
2024-01-03,Greek,234
2024-01-03,Swedish,186
2024-01-03,Thai,183
2024-01-03,Ukrainian,176
2024-01-03,Czech,154
2024-01-03,Hebrew,132
2024-01-03,Danish,130
2024-01-03,Persian,124
2024-01-03,Hungarian,121
2024-01-03,Norwegian Bokmål,114
2024-01-03,(other),90
2024-01-03,Finnish,80
2024-01-03,Romanian,72
2024-01-03,Croatian,69
2024-01-03,Slovak,59
2024-01-03,Serbian,51
2024-01-03,Bulgarian,47
2024-01-03,Hindi,38
2024-01-03,Catalan,36
2024-01-03,Slovenian,36
2024-01-03,Lithuanian,20
2024-01-03,Latvian,15
2024-01-02,English,438707
2024-01-02,Spanish,8493
2024-01-02,Chinese,4845
2024-01-02,French,1314
2024-01-02,German,1287
2024-01-02,Portuguese,1152
2024-01-02,Russian,941
2024-01-02,Korean,761
2024-01-02,Turkish,586
2024-01-02,Italian,545
2024-01-02,Dutch,463
2024-01-02,Arabic,427
2024-01-02,Japanese,320
2024-01-02,Polish,298
2024-01-02,Vietnamese,290
2024-01-02,Indonesian,223
2024-01-02,Greek,209
2024-01-02,Swedish,194
2024-01-02,Thai,147
2024-01-02,Hebrew,136
2024-01-02,Norwegian Bokmål,132
2024-01-02,Danish,131
2024-01-02,Persian,131
2024-01-02,Ukrainian,129
2024-01-02,Czech,116
2024-01-02,Hungarian,104
2024-01-02,(other),94
2024-01-02,Romanian,91
2024-01-02,Finnish,69
2024-01-02,Slovak,59
2024-01-02,Croatian,51
2024-01-02,Bulgarian,43
2024-01-02,Hindi,33
2024-01-02,Slovenian,30
2024-01-02,Serbian,26
2024-01-02,Lithuanian,25
2024-01-02,Catalan,23
2024-01-02,Central Khmer,13
2024-01-02,Malay,12
2024-01-02,Latvian,11
2024-01-01,English,272508
2024-01-01,Spanish,4906
2024-01-01,Chinese,3430
2024-01-01,French,907
2024-01-01,German,904
2024-01-01,Russian,721
2024-01-01,Korean,497
2024-01-01,Arabic,432
2024-01-01,Portuguese,431
2024-01-01,Turkish,367
2024-01-01,Italian,324
2024-01-01,Dutch,311
2024-01-01,Vietnamese,259
2024-01-01,(other),239
2024-01-01,Japanese,230
2024-01-01,Polish,208
2024-01-01,Indonesian,173
2024-01-01,Swedish,163
2024-01-01,Persian,136
2024-01-01,Greek,129
2024-01-01,Hebrew,127
2024-01-01,Norwegian Bokmål,126
2024-01-01,Thai,105
2024-01-01,Czech,99
2024-01-01,Ukrainian,88
2024-01-01,Danish,83
2024-01-01,Hungarian,72
2024-01-01,Finnish,67
2024-01-01,Romanian,60
2024-01-01,Slovak,46
2024-01-01,Croatian,42
2024-01-01,Catalan,29
2024-01-01,Hindi,23
2024-01-01,Bulgarian,21
2024-01-01,Serbian,20
2024-01-01,Lithuanian,16
2024-01-01,Slovenian,16
2024-01-01,Latvian,11
2023-12-31,English,226443
2023-12-31,Spanish,9844
2023-12-31,Chinese,2807
2023-12-31,French,848
2023-12-31,German,782
2023-12-31,Russian,609
2023-12-31,Arabic,405
2023-12-31,Portuguese,364
2023-12-31,Dutch,291
2023-12-31,Japanese,277
2023-12-31,Italian,271
2023-12-31,Korean,254
2023-12-31,Turkish,237
2023-12-31,Vietnamese,151
2023-12-31,Indonesian,149
2023-12-31,Polish,148
2023-12-31,Persian,141
2023-12-31,Hebrew,134
2023-12-31,Norwegian Bokmål,124
2023-12-31,Greek,115
2023-12-31,Swedish,106
2023-12-31,Danish,80
2023-12-31,Czech,76
2023-12-31,(other),74
2023-12-31,Hungarian,72
2023-12-31,Ukrainian,70
2023-12-31,Thai,63
2023-12-31,Croatian,53
2023-12-31,Finnish,51
2023-12-31,Romanian,43
2023-12-31,Slovak,32
2023-12-31,Hindi,29
2023-12-31,Bulgarian,26
2023-12-31,Catalan,21
2023-12-31,Serbian,20
2023-12-31,Slovenian,12
2023-12-31,Lithuanian,11
2023-12-30,English,239680
2023-12-30,Spanish,6799
2023-12-30,Chinese,2930
2023-12-30,French,919
2023-12-30,German,844
2023-12-30,Russian,769
2023-12-30,Arabic,497
2023-12-30,Portuguese,489
2023-12-30,Italian,360
2023-12-30,Dutch,327
2023-12-30,Turkish,323
2023-12-30,Korean,275
2023-12-30,Japanese,270
2023-12-30,Polish,249
2023-12-30,Vietnamese,191
2023-12-30,Greek,190
2023-12-30,(other),166
2023-12-30,Indonesian,148
2023-12-30,Swedish,143
2023-12-30,Persian,118
2023-12-30,Norwegian Bokmål,112
2023-12-30,Danish,106
2023-12-30,Hebrew,97
2023-12-30,Hungarian,92
2023-12-30,Ukrainian,92
2023-12-30,Czech,90
2023-12-30,Thai,89
2023-12-30,Finnish,61
2023-12-30,Romanian,51
2023-12-30,Croatian,40
2023-12-30,Slovak,37
2023-12-30,Catalan,34
2023-12-30,Bulgarian,30
2023-12-30,Hindi,30
2023-12-30,Slovenian,16
2023-12-30,Serbian,15
2023-12-30,Lithuanian,14
2023-12-29,English,299172
2023-12-29,Spanish,7050
2023-12-29,Chinese,4745
2023-12-29,French,1146
2023-12-29,German,951
2023-12-29,Russian,910
2023-12-29,Portuguese,623
2023-12-29,Italian,442
2023-12-29,Turkish,416
2023-12-29,Arabic,382
2023-12-29,Korean,375
2023-12-29,Japanese,354
2023-12-29,Dutch,353
2023-12-29,Polish,261
2023-12-29,Vietnamese,210
2023-12-29,Greek,193
2023-12-29,Indonesian,171
2023-12-29,Persian,150
2023-12-29,Swedish,140
2023-12-29,Danish,116
2023-12-29,Ukrainian,116
2023-12-29,Norwegian Bokmål,112
2023-12-29,Czech,102
2023-12-29,Hebrew,98
2023-12-29,Thai,90
2023-12-29,Hungarian,83
2023-12-29,(other),81
2023-12-29,Romanian,70
2023-12-29,Finnish,47
2023-12-29,Hindi,43
2023-12-29,Croatian,39
2023-12-29,Catalan,36
2023-12-29,Bulgarian,34
2023-12-29,Slovak,34
2023-12-29,Serbian,21
2023-12-29,Slovenian,16
2023-12-29,Lithuanian,14
2023-12-28,English,320786
2023-12-28,Spanish,7464
2023-12-28,Chinese,4966
2023-12-28,French,1148
2023-12-28,German,979
2023-12-28,Russian,900
2023-12-28,Portuguese,864
2023-12-28,Turkish,664
2023-12-28,Korean,571
2023-12-28,Japanese,501
2023-12-28,Italian,446
2023-12-28,Dutch,403
2023-12-28,Arabic,385
2023-12-28,Vietnamese,298
2023-12-28,Polish,232
2023-12-28,Greek,196
2023-12-28,Indonesian,192
2023-12-28,Swedish,170
2023-12-28,Ukrainian,133
2023-12-28,Hebrew,124
2023-12-28,Persian,112
2023-12-28,Danish,111
2023-12-28,Czech,102
2023-12-28,Norwegian Bokmål,101
2023-12-28,Thai,99
2023-12-28,Hungarian,95
2023-12-28,(other),82
2023-12-28,Romanian,62
2023-12-28,Finnish,57
2023-12-28,Croatian,42
2023-12-28,Slovak,40
2023-12-28,Serbian,36
2023-12-28,Hindi,33
2023-12-28,Slovenian,33
2023-12-28,Bulgarian,26
2023-12-28,Catalan,22
2023-12-28,Lithuanian,17
2023-12-28,Latvian,11
2023-12-27,English,331815
2023-12-27,Spanish,7350
2023-12-27,Chinese,4655
2023-12-27,French,1083
2023-12-27,Russian,1081
2023-12-27,German,905
2023-12-27,Portuguese,853
2023-12-27,Japanese,673
2023-12-27,Korean,588
2023-12-27,Turkish,544
2023-12-27,Arabic,452
2023-12-27,Italian,402
2023-12-27,Dutch,367
2023-12-27,Vietnamese,264
2023-12-27,Polish,257
2023-12-27,Indonesian,215
2023-12-27,Greek,177
2023-12-27,Thai,156
2023-12-27,Swedish,146
2023-12-27,Ukrainian,134
2023-12-27,Hebrew,114
2023-12-27,Persian,113
2023-12-27,Norwegian Bokmål,104
2023-12-27,Danish,99
2023-12-27,(other),80
2023-12-27,Hungarian,73
2023-12-27,Romanian,71
2023-12-27,Finnish,66
2023-12-27,Czech,59
2023-12-27,Hindi,42
2023-12-27,Croatian,40
2023-12-27,Slovenian,32
2023-12-27,Bulgarian,30
2023-12-27,Slovak,30
2023-12-27,Catalan,27
2023-12-27,Lithuanian,25
2023-12-27,Serbian,21
2023-12-27,Estonian,12
2023-12-27,Latvian,11
2023-12-26,English,286199
2023-12-26,Spanish,7195
2023-12-26,Chinese,3676
2023-12-26,Russian,1112
2023-12-26,French,1000
2023-12-26,Portuguese,839
2023-12-26,German,821
2023-12-26,Japanese,696
2023-12-26,Korean,621
2023-12-26,Turkish,594
2023-12-26,Arabic,508
2023-12-26,Dutch,325
2023-12-26,Italian,325
2023-12-26,Vietnamese,281
2023-12-26,Indonesian,205
2023-12-26,Polish,163
2023-12-26,Ukrainian,157
2023-12-26,Thai,151
2023-12-26,Greek,147
2023-12-26,Swedish,136
2023-12-26,Persian,113
2023-12-26,Hebrew,106
2023-12-26,Norwegian Bokmål,94
2023-12-26,Danish,81
2023-12-26,Hungarian,78
2023-12-26,Czech,72
2023-12-26,(other),71
2023-12-26,Finnish,61
2023-12-26,Romanian,53
2023-12-26,Serbian,32
2023-12-26,Slovak,31
2023-12-26,Croatian,30
2023-12-26,Catalan,29
2023-12-26,Bulgarian,28
2023-12-26,Hindi,28
2023-12-26,Slovenian,20
2023-12-26,Malay,13
2023-12-26,Estonian,12
2023-12-25,English,188149
2023-12-25,Spanish,4607
2023-12-25,Chinese,3930
2023-12-25,Russian,1103
2023-12-25,Turkish,963
2023-12-25,Japanese,818
2023-12-25,German,790
2023-12-25,French,779
2023-12-25,Korean,492
2023-12-25,Arabic,433
2023-12-25,Portuguese,400
2023-12-25,Vietnamese,293
2023-12-25,Dutch,284
2023-12-25,Italian,220
2023-12-25,Thai,159
2023-12-25,Indonesian,152
2023-12-25,Polish,143
2023-12-25,Hebrew,129
2023-12-25,Swedish,129
2023-12-25,Persian,122
2023-12-25,Greek,98
2023-12-25,Norwegian Bokmål,88
2023-12-25,Ukrainian,81
2023-12-25,Hungarian,73
2023-12-25,Czech,67
2023-12-25,Danish,65
2023-12-25,(other),58
2023-12-25,Romanian,50
2023-12-25,Hindi,41
2023-12-25,Finnish,40
2023-12-25,Croatian,30
2023-12-25,Slovak,24
2023-12-25,Catalan,20
2023-12-25,Bulgarian,19
2023-12-25,Slovenian,19
2023-12-25,Serbian,18
2023-12-24,English,188798
2023-12-24,Spanish,9773
2023-12-24,Chinese,3373
2023-12-24,Russian,853
2023-12-24,French,756
2023-12-24,German,684
2023-12-24,Japanese,591
2023-12-24,Turkish,480
2023-12-24,Arabic,469
2023-12-24,Portuguese,352
2023-12-24,Korean,298
2023-12-24,Dutch,261
2023-12-24,Italian,253
2023-12-24,Vietnamese,207
2023-12-24,Indonesian,151
2023-12-24,Thai,141
2023-12-24,Hebrew,138
2023-12-24,Persian,124
2023-12-24,Polish,109
2023-12-24,Greek,106
2023-12-24,Swedish,100
2023-12-24,Ukrainian,79
2023-12-24,Norwegian Bokmål,65
2023-12-24,Danish,58
2023-12-24,Finnish,55
2023-12-24,Hungarian,53
2023-12-24,(other),47
2023-12-24,Czech,44
2023-12-24,Romanian,43
2023-12-24,Hindi,34
2023-12-24,Croatian,26
2023-12-24,Bulgarian,24
2023-12-24,Serbian,22
2023-12-24,Slovak,22
2023-12-24,Catalan,20
2023-12-24,Slovenian,18
2023-12-24,Lithuanian,14
2023-12-23,English,209426
2023-12-23,Spanish,6219
2023-12-23,Chinese,5331
2023-12-23,(other),1320
2023-12-23,Russian,1029
2023-12-23,French,778
2023-12-23,German,678
2023-12-23,Arabic,484
2023-12-23,Turkish,417
2023-12-23,Portuguese,405
2023-12-23,Japanese,357
2023-12-23,Dutch,296
2023-12-23,Italian,284
2023-12-23,Korean,234
2023-12-23,Vietnamese,222
2023-12-23,Polish,171
2023-12-23,Indonesian,146
2023-12-23,Persian,135
2023-12-23,Greek,132
2023-12-23,Hebrew,114
2023-12-23,Swedish,114
2023-12-23,Thai,113
2023-12-23,Norwegian Bokmål,97
2023-12-23,Ukrainian,85
2023-12-23,Finnish,71
2023-12-23,Czech,61
2023-12-23,Hungarian,61
2023-12-23,Danish,53
2023-12-23,Romanian,52
2023-12-23,Slovak,30
2023-12-23,Croatian,29
2023-12-23,Hindi,26
2023-12-23,Catalan,18
2023-12-23,Bulgarian,15
2023-12-23,Serbian,15
2023-12-23,Slovenian,15
2023-12-23,Estonian,13
2023-12-22,English,281296
2023-12-22,Spanish,6607
2023-12-22,Chinese,3384
2023-12-22,(other),1122
2023-12-22,French,1063
2023-12-22,Russian,1041
2023-12-22,Portuguese,757
2023-12-22,German,751
2023-12-22,Japanese,577
2023-12-22,Arabic,469
2023-12-22,Turkish,450
2023-12-22,Korean,434
2023-12-22,Italian,377
2023-12-22,Dutch,368
2023-12-22,Vietnamese,268
2023-12-22,Polish,225
2023-12-22,Indonesian,175
2023-12-22,Thai,140
2023-12-22,Swedish,134
2023-12-22,Persian,127
2023-12-22,Ukrainian,118
2023-12-22,Greek,117
2023-12-22,Hungarian,88
2023-12-22,Norwegian Bokmål,86
2023-12-22,Czech,77
2023-12-22,Hebrew,76
2023-12-22,Danish,75
2023-12-22,Finnish,64
2023-12-22,Romanian,58
2023-12-22,Catalan,31
2023-12-22,Croatian,29
2023-12-22,Bulgarian,28
2023-12-22,Hindi,28
2023-12-22,Slovenian,27
2023-12-22,Serbian,23
2023-12-22,Lithuanian,19
2023-12-22,Slovak,17
2023-12-21,English,331597
2023-12-21,Spanish,7327
2023-12-21,Chinese,4590
2023-12-21,French,1385
2023-12-21,Russian,1107
2023-12-21,Portuguese,943
2023-12-21,German,875
2023-12-21,Japanese,866
2023-12-21,Korean,654
2023-12-21,Turkish,558
2023-12-21,Italian,438
2023-12-21,Arabic,416
2023-12-21,Dutch,390
2023-12-21,Vietnamese,277
2023-12-21,Polish,251
2023-12-21,Indonesian,221
2023-12-21,Greek,196
2023-12-21,Thai,187
2023-12-21,Swedish,153
2023-12-21,Hebrew,119
2023-12-21,Ukrainian,119
2023-12-21,Czech,109
2023-12-21,Persian,93
2023-12-21,Danish,88
2023-12-21,Norwegian Bokmål,87
2023-12-21,(other),79
2023-12-21,Finnish,75
2023-12-21,Hungarian,74
2023-12-21,Croatian,61
2023-12-21,Romanian,46
2023-12-21,Catalan,38
2023-12-21,Hindi,35
2023-12-21,Serbian,35
2023-12-21,Bulgarian,34
2023-12-21,Slovak,24
2023-12-21,Slovenian,19
2023-12-21,Latvian,13
2023-12-21,Lithuanian,13
2023-12-21,Uzbek,11
2023-12-20,English,350881
2023-12-20,Spanish,7997
2023-12-20,Chinese,6801
2023-12-20,French,1515
2023-12-20,Russian,1224
2023-12-20,Portuguese,1139
2023-12-20,German,1034
2023-12-20,Japanese,871
2023-12-20,Korean,830
2023-12-20,Italian,534
2023-12-20,Turkish,506
2023-12-20,Dutch,447
2023-12-20,Arabic,410
2023-12-20,Vietnamese,330
2023-12-20,Polish,247
2023-12-20,Indonesian,238
2023-12-20,Thai,236
2023-12-20,Greek,190
2023-12-20,Swedish,163
2023-12-20,Ukrainian,130
2023-12-20,Persian,118
2023-12-20,Czech,112
2023-12-20,Danish,108
2023-12-20,Hebrew,103
2023-12-20,Norwegian Bokmål,102
2023-12-20,Hungarian,84
2023-12-20,Romanian,72
2023-12-20,(other),70
2023-12-20,Finnish,70
2023-12-20,Catalan,47
2023-12-20,Croatian,47
2023-12-20,Slovak,43
2023-12-20,Hindi,42
2023-12-20,Bulgarian,33
2023-12-20,Serbian,29
2023-12-20,Slovenian,23
2023-12-20,Estonian,12
2023-12-20,Lithuanian,12
2023-12-20,Latvian,11
2023-12-19,English,374752
2023-12-19,Spanish,7965
2023-12-19,Chinese,4681
2023-12-19,French,1476
2023-12-19,Russian,1189
2023-12-19,Portuguese,1135
2023-12-19,German,1004
2023-12-19,Japanese,955
2023-12-19,Korean,753
2023-12-19,Turkish,529
2023-12-19,Italian,506
2023-12-19,Arabic,474
2023-12-19,Dutch,467
2023-12-19,Polish,279
2023-12-19,Vietnamese,276
2023-12-19,Indonesian,258
2023-12-19,Thai,243
2023-12-19,Swedish,197
2023-12-19,Greek,184
2023-12-19,Danish,146
2023-12-19,Hebrew,136
2023-12-19,Ukrainian,125
2023-12-19,Persian,120
2023-12-19,Norwegian Bokmål,106
2023-12-19,Czech,99
2023-12-19,Hungarian,95
2023-12-19,(other),77
2023-12-19,Romanian,68
2023-12-19,Finnish,63
2023-12-19,Croatian,60
2023-12-19,Catalan,47
2023-12-19,Hindi,39
2023-12-19,Slovak,38
2023-12-19,Serbian,27
2023-12-19,Slovenian,27
2023-12-19,Bulgarian,26
2023-12-19,Lithuanian,19
2023-12-19,Latvian,13
2023-12-18,English,382030
2023-12-18,Spanish,7914
2023-12-18,Chinese,4828
2023-12-18,French,1466
2023-12-18,Russian,1248
2023-12-18,Portuguese,1170
2023-12-18,German,1053
2023-12-18,Japanese,923
2023-12-18,Korean,857
2023-12-18,Turkish,515
2023-12-18,Italian,492
2023-12-18,Dutch,449
2023-12-18,Arabic,390
2023-12-18,Polish,376
2023-12-18,Vietnamese,292
2023-12-18,Greek,273
2023-12-18,Indonesian,232
2023-12-18,Thai,225
2023-12-18,Swedish,216
2023-12-18,(other),153
2023-12-18,Ukrainian,147
2023-12-18,Danish,145
2023-12-18,Hebrew,124
2023-12-18,Czech,109
2023-12-18,Norwegian Bokmål,102
2023-12-18,Persian,91
2023-12-18,Hungarian,80
2023-12-18,Romanian,72
2023-12-18,Finnish,71
2023-12-18,Croatian,70
2023-12-18,Hindi,39
2023-12-18,Slovak,38
2023-12-18,Catalan,37
2023-12-18,Serbian,29
2023-12-18,Bulgarian,28
2023-12-18,Slovenian,27
2023-12-18,Lithuanian,23
2023-12-18,Estonian,21
2023-12-18,Latvian,19
2023-12-17,English,228244
2023-12-17,Spanish,5423
2023-12-17,Chinese,4459
2023-12-17,French,1040
2023-12-17,Russian,999
2023-12-17,German,912
2023-12-17,Japanese,653
2023-12-17,Portuguese,607
2023-12-17,Turkish,498
2023-12-17,Korean,492
2023-12-17,Arabic,452
2023-12-17,Dutch,361
2023-12-17,Italian,329
2023-12-17,Vietnamese,291
2023-12-17,Indonesian,258
2023-12-17,Polish,254
2023-12-17,Thai,196
2023-12-17,Greek,174
2023-12-17,Swedish,168
2023-12-17,Persian,130
2023-12-17,Hebrew,121
2023-12-17,Czech,106
2023-12-17,Danish,99
2023-12-17,Ukrainian,98
2023-12-17,Hungarian,80
2023-12-17,Norwegian Bokmål,80
2023-12-17,Romanian,66
2023-12-17,(other),60
2023-12-17,Croatian,51
2023-12-17,Finnish,49
2023-12-17,Hindi,39
2023-12-17,Catalan,34
2023-12-17,Serbian,32
2023-12-17,Bulgarian,31
2023-12-17,Slovak,29
2023-12-17,Estonian,21
2023-12-17,Uzbek,16
2023-12-17,Slovenian,15
2023-12-17,Latvian,13
2023-12-16,English,203648
2023-12-16,Chinese,5770
2023-12-16,Spanish,5266
2023-12-16,French,969
2023-12-16,Russian,831
2023-12-16,German,747
2023-12-16,Portuguese,485
2023-12-16,Arabic,444
2023-12-16,Turkish,443
2023-12-16,Italian,333
2023-12-16,Japanese,328
2023-12-16,Dutch,294
2023-12-16,Korean,288
2023-12-16,Vietnamese,239
2023-12-16,Indonesian,200
2023-12-16,Polish,188
2023-12-16,Greek,173
2023-12-16,Thai,138
2023-12-16,Swedish,136
2023-12-16,(other),115
2023-12-16,Czech,112
2023-12-16,Persian,111
2023-12-16,Norwegian Bokmål,107
2023-12-16,Danish,91
2023-12-16,Hebrew,86
2023-12-16,Ukrainian,86
2023-12-16,Hungarian,80
2023-12-16,Romanian,61
2023-12-16,Serbian,57
2023-12-16,Croatian,45
2023-12-16,Finnish,36
2023-12-16,Slovak,34
2023-12-16,Catalan,29
2023-12-16,Hindi,29
2023-12-16,Bulgarian,27
2023-12-16,Lithuanian,24
2023-12-16,Slovenian,12
2023-12-15,English,338320
2023-12-15,Chinese,10089
2023-12-15,Spanish,7264
2023-12-15,French,1315
2023-12-15,Russian,1108
2023-12-15,Portuguese,969
2023-12-15,German,948
2023-12-15,Japanese,694
2023-12-15,Italian,516
2023-12-15,Turkish,499
2023-12-15,Korean,482
2023-12-15,Arabic,395
2023-12-15,Dutch,370
2023-12-15,Vietnamese,311
2023-12-15,Thai,271
2023-12-15,Polish,248
2023-12-15,Greek,220
2023-12-15,Indonesian,211
2023-12-15,Swedish,165
2023-12-15,Ukrainian,136
2023-12-15,Danish,120
2023-12-15,Persian,120
2023-12-15,Czech,110
2023-12-15,Norwegian Bokmål,99
2023-12-15,Hungarian,83
2023-12-15,(other),78
2023-12-15,Romanian,71
2023-12-15,Hebrew,63
2023-12-15,Finnish,56
2023-12-15,Bulgarian,53
2023-12-15,Catalan,52
2023-12-15,Croatian,44
2023-12-15,Slovak,37
2023-12-15,Hindi,35
2023-12-15,Serbian,35
2023-12-15,Lithuanian,29
2023-12-15,Slovenian,26
2023-12-15,Estonian,20
2023-12-15,Uzbek,12
2023-12-14,English,388220
2023-12-14,Spanish,8670
2023-12-14,Chinese,8574
2023-12-14,French,1559
2023-12-14,Russian,1209
2023-12-14,Portuguese,1100
2023-12-14,Japanese,1069
2023-12-14,German,1067
2023-12-14,Korean,705
2023-12-14,Turkish,578
2023-12-14,Italian,520
2023-12-14,Arabic,437
2023-12-14,Dutch,422
2023-12-14,Vietnamese,358
2023-12-14,Polish,295
2023-12-14,Thai,295
2023-12-14,Indonesian,242
2023-12-14,Greek,228
2023-12-14,Swedish,189
2023-12-14,Danish,151
2023-12-14,Ukrainian,126
2023-12-14,Norwegian Bokmål,112
2023-12-14,Persian,107
2023-12-14,Hungarian,104
2023-12-14,Czech,101
2023-12-14,Hebrew,85
2023-12-14,(other),84
2023-12-14,Romanian,82
2023-12-14,Finnish,67
2023-12-14,Croatian,51
2023-12-14,Serbian,51
2023-12-14,Catalan,45
2023-12-14,Slovak,45
2023-12-14,Hindi,37
2023-12-14,Bulgarian,33
2023-12-14,Slovenian,29
2023-12-14,Lithuanian,25
2023-12-14,Estonian,22
2023-12-14,Latvian,20
2023-12-13,English,416069
2023-12-13,Chinese,11400
2023-12-13,Spanish,9207
2023-12-13,French,1503
2023-12-13,Russian,1333
2023-12-13,Portuguese,1262
2023-12-13,German,1127
2023-12-13,Japanese,915
2023-12-13,Korean,807
2023-12-13,Turkish,560
2023-12-13,Italian,533
2023-12-13,Arabic,453
2023-12-13,Dutch,432
2023-12-13,Vietnamese,405
2023-12-13,Polish,317
2023-12-13,Greek,307
2023-12-13,Indonesian,283
2023-12-13,Thai,188
2023-12-13,Danish,173
2023-12-13,Swedish,158
2023-12-13,Ukrainian,151
2023-12-13,Norwegian Bokmål,113
2023-12-13,Persian,111
2023-12-13,(other),109
2023-12-13,Czech,107
2023-12-13,Hungarian,102
2023-12-13,Romanian,86
2023-12-13,Hebrew,84
2023-12-13,Croatian,70
2023-12-13,Finnish,68
2023-12-13,Catalan,43
2023-12-13,Slovak,42
2023-12-13,Slovenian,41
2023-12-13,Serbian,31
2023-12-13,Lithuanian,30
2023-12-13,Bulgarian,29
2023-12-13,Hindi,26
2023-12-13,Latvian,19
2023-12-13,Estonian,13
2023-12-12,English,428960
2023-12-12,Chinese,16794
2023-12-12,Spanish,9338
2023-12-12,French,1590
2023-12-12,Portuguese,1385
2023-12-12,Russian,1292
2023-12-12,German,1168
2023-12-12,Japanese,1048
2023-12-12,Korean,844
2023-12-12,Italian,546
2023-12-12,Turkish,544
2023-12-12,Dutch,443
2023-12-12,Arabic,439
2023-12-12,Vietnamese,345
2023-12-12,Indonesian,306
2023-12-12,Polish,295
2023-12-12,Greek,230
2023-12-12,Swedish,199
2023-12-12,Thai,173
2023-12-12,Danish,149
2023-12-12,Ukrainian,136
2023-12-12,Czech,126
2023-12-12,Norwegian Bokmål,119
2023-12-12,Persian,113
2023-12-12,Romanian,107
2023-12-12,Hebrew,94
2023-12-12,Hungarian,88
2023-12-12,(other),79
2023-12-12,Finnish,70
2023-12-12,Croatian,67
2023-12-12,Catalan,55
2023-12-12,Slovak,51
2023-12-12,Bulgarian,44
2023-12-12,Hindi,39
2023-12-12,Slovenian,39
2023-12-12,Lithuanian,32
2023-12-12,Serbian,32
2023-12-12,Estonian,28
2023-12-12,Latvian,14
2023-12-11,English,440305
2023-12-11,Spanish,9320
2023-12-11,Chinese,4998
2023-12-11,French,1662
2023-12-11,Portuguese,1526
2023-12-11,Russian,1375
2023-12-11,German,1232
2023-12-11,Korean,1211
2023-12-11,Japanese,1170
2023-12-11,Italian,645
2023-12-11,Arabic,562
2023-12-11,Turkish,557
2023-12-11,Dutch,511
2023-12-11,Vietnamese,419
2023-12-11,Polish,330
2023-12-11,Indonesian,310
2023-12-11,Greek,231
2023-12-11,Swedish,200
2023-12-11,Thai,192
2023-12-11,Ukrainian,192
2023-12-11,(other),157
2023-12-11,Danish,150
2023-12-11,Czech,142
2023-12-11,Hungarian,125
2023-12-11,Persian,117
2023-12-11,Norwegian Bokmål,110
2023-12-11,Hebrew,101
2023-12-11,Romanian,92
2023-12-11,Finnish,63
2023-12-11,Croatian,58
2023-12-11,Catalan,56
2023-12-11,Slovak,51
2023-12-11,Bulgarian,48
2023-12-11,Hindi,45
2023-12-11,Serbian,41
2023-12-11,Estonian,32
2023-12-11,Lithuanian,28
2023-12-11,Slovenian,20
2023-12-11,Latvian,17
2023-12-11,Bengali,11
2023-12-10,English,263640
2023-12-10,Spanish,6036
2023-12-10,Chinese,4037
2023-12-10,French,1053
2023-12-10,Russian,1019
2023-12-10,German,907
2023-12-10,Japanese,784
2023-12-10,Portuguese,748
2023-12-10,Korean,689
2023-12-10,Arabic,604
2023-12-10,Turkish,414
2023-12-10,Italian,369
2023-12-10,Dutch,361
2023-12-10,Vietnamese,349
2023-12-10,Indonesian,278
2023-12-10,Polish,256
2023-12-10,Greek,180
2023-12-10,Thai,145
2023-12-10,Swedish,132
2023-12-10,Czech,128
2023-12-10,Persian,123
2023-12-10,Ukrainian,119
2023-12-10,Danish,116
2023-12-10,Hebrew,106
2023-12-10,Hungarian,96
2023-12-10,(other),89
2023-12-10,Norwegian Bokmål,86
2023-12-10,Romanian,74
2023-12-10,Finnish,60
2023-12-10,Slovak,51
2023-12-10,Croatian,48
2023-12-10,Catalan,37
2023-12-10,Hindi,35
2023-12-10,Bulgarian,32
2023-12-10,Serbian,29
2023-12-10,Lithuanian,23
2023-12-10,Estonian,21
2023-12-10,Slovenian,11
2023-12-09,English,228911
2023-12-09,Spanish,5594
2023-12-09,Chinese,3391
2023-12-09,French,991
2023-12-09,Russian,860
2023-12-09,German,804
2023-12-09,Portuguese,617
2023-12-09,Arabic,576
2023-12-09,Turkish,420
2023-12-09,Italian,379
2023-12-09,Japanese,346
2023-12-09,Korean,338
2023-12-09,Dutch,333
2023-12-09,Indonesian,244
2023-12-09,Vietnamese,244
2023-12-09,Polish,239
2023-12-09,Greek,181
2023-12-09,Swedish,146
2023-12-09,Ukrainian,146
2023-12-09,Persian,123
2023-12-09,Hungarian,106
2023-12-09,Thai,102
2023-12-09,Czech,95
2023-12-09,Danish,88
2023-12-09,Norwegian Bokmål,86
2023-12-09,(other),80
2023-12-09,Hebrew,70
2023-12-09,Romanian,68
2023-12-09,Finnish,42
2023-12-09,Hindi,40
2023-12-09,Estonian,37
2023-12-09,Catalan,34
2023-12-09,Croatian,31
2023-12-09,Serbian,31
2023-12-09,Slovak,31
2023-12-09,Bulgarian,24
2023-12-09,Lithuanian,21
2023-12-09,Slovenian,19
2023-12-09,Marathi,12
2023-12-08,English,399778
2023-12-08,Spanish,7430
2023-12-08,Chinese,4423
2023-12-08,Portuguese,1625
2023-12-08,French,1541
2023-12-08,Russian,1170
2023-12-08,German,1066
2023-12-08,Japanese,716
2023-12-08,Arabic,648
2023-12-08,(other),615
2023-12-08,Korean,578
2023-12-08,Turkish,515
2023-12-08,Dutch,450
2023-12-08,Italian,421
2023-12-08,Vietnamese,373
2023-12-08,Polish,359
2023-12-08,Indonesian,306
2023-12-08,Greek,244
2023-12-08,Swedish,188
2023-12-08,Ukrainian,163
2023-12-08,Thai,153
2023-12-08,Persian,145
2023-12-08,Danish,129
2023-12-08,Czech,121
2023-12-08,Norwegian Bokmål,106
2023-12-08,Hungarian,101
2023-12-08,Romanian,92
2023-12-08,Hebrew,69
2023-12-08,Croatian,65
2023-12-08,Finnish,60
2023-12-08,Slovak,51
2023-12-08,Serbian,44
2023-12-08,Lithuanian,35
2023-12-08,Hindi,34
2023-12-08,Slovenian,27
2023-12-08,Bulgarian,26
2023-12-08,Catalan,26
2023-12-08,Latvian,19
2023-12-08,Estonian,17
2023-12-07,English,446359
2023-12-07,Spanish,8576
2023-12-07,Chinese,5466
2023-12-07,French,1568
2023-12-07,Portuguese,1384
2023-12-07,Russian,1121
2023-12-07,German,1025
2023-12-07,Japanese,1001
2023-12-07,Korean,882
2023-12-07,Arabic,768
2023-12-07,Italian,615
2023-12-07,Turkish,491
2023-12-07,Dutch,487
2023-12-07,Polish,326
2023-12-07,Vietnamese,320
2023-12-07,Indonesian,319
2023-12-07,Greek,234
2023-12-07,Thai,216
2023-12-07,Swedish,173
2023-12-07,Ukrainian,154
2023-12-07,(other),153
2023-12-07,Danish,146
2023-12-07,Norwegian Bokmål,134
2023-12-07,Czech,126
2023-12-07,Persian,116
2023-12-07,Hungarian,90
2023-12-07,Romanian,89
2023-12-07,Hebrew,80
2023-12-07,Finnish,76
2023-12-07,Croatian,68
2023-12-07,Serbian,45
2023-12-07,Hindi,42
2023-12-07,Slovak,40
2023-12-07,Bulgarian,37
2023-12-07,Catalan,27
2023-12-07,Lithuanian,24
2023-12-07,Slovenian,22
2023-12-07,Latvian,17
2023-12-07,Uzbek,11
2023-12-06,English,458912
2023-12-06,Spanish,9584
2023-12-06,Chinese,7650
2023-12-06,French,1617
2023-12-06,Portuguese,1446
2023-12-06,Russian,1243
2023-12-06,German,1074
2023-12-06,Japanese,1013
2023-12-06,Korean,913
2023-12-06,Arabic,784
2023-12-06,Italian,613
2023-12-06,Turkish,508
2023-12-06,Dutch,422
2023-12-06,Indonesian,327
2023-12-06,Vietnamese,327
2023-12-06,Polish,281
2023-12-06,Greek,229
2023-12-06,Thai,203
2023-12-06,Swedish,191
2023-12-06,Ukrainian,156
2023-12-06,Danish,140
2023-12-06,Czech,132
2023-12-06,Persian,130
2023-12-06,Norwegian Bokmål,118
2023-12-06,Hebrew,101
2023-12-06,Hungarian,98
2023-12-06,Romanian,95
2023-12-06,(other),87
2023-12-06,Croatian,67
2023-12-06,Lithuanian,51
2023-12-06,Slovak,41
2023-12-06,Slovenian,40
2023-12-06,Finnish,39
2023-12-06,Bulgarian,36
2023-12-06,Hindi,36
2023-12-06,Catalan,32
2023-12-06,Serbian,29
2023-12-06,Estonian,19
2023-12-06,Latvian,14
2023-12-05,English,468161
2023-12-05,Spanish,10345
2023-12-05,Chinese,5105
2023-12-05,French,1705
2023-12-05,Portuguese,1431
2023-12-05,Russian,1270
2023-12-05,German,1186
2023-12-05,Japanese,991
2023-12-05,Korean,915
2023-12-05,Arabic,791
2023-12-05,Italian,649
2023-12-05,Turkish,529
2023-12-05,Dutch,506
2023-12-05,Greek,391
2023-12-05,Vietnamese,389
2023-12-05,Indonesian,372
2023-12-05,Polish,311
2023-12-05,Swedish,218
2023-12-05,Ukrainian,209
2023-12-05,Thai,149
2023-12-05,Danish,147
2023-12-05,Persian,130
2023-12-05,Czech,123
2023-12-05,Hungarian,118
2023-12-05,Romanian,109
2023-12-05,Hebrew,108
2023-12-05,Norwegian Bokmål,107
2023-12-05,(other),103
2023-12-05,Finnish,67
2023-12-05,Croatian,51
2023-12-05,Serbian,45
2023-12-05,Catalan,44
2023-12-05,Hindi,44
2023-12-05,Bulgarian,43
2023-12-05,Slovenian,42
2023-12-05,Slovak,33
2023-12-05,Lithuanian,24
2023-12-05,Latvian,21
2023-12-05,Estonian,15
2023-12-04,English,482129
2023-12-04,Spanish,10254
2023-12-04,Chinese,5271
2023-12-04,French,1677
2023-12-04,Portuguese,1529
2023-12-04,German,1235
2023-12-04,Russian,1178
2023-12-04,Japanese,965
2023-12-04,Korean,929
2023-12-04,Arabic,917
2023-12-04,Italian,566
2023-12-04,Dutch,470
2023-12-04,Turkish,441
2023-12-04,Vietnamese,403
2023-12-04,Polish,351
2023-12-04,Indonesian,314
2023-12-04,Greek,279
2023-12-04,Ukrainian,212
2023-12-04,Swedish,195
2023-12-04,Thai,151
2023-12-04,Danish,149
2023-12-04,Czech,143
2023-12-04,Persian,133
2023-12-04,Norwegian Bokmål,127
2023-12-04,Hungarian,122
2023-12-04,Romanian,111
2023-12-04,(other),103
2023-12-04,Finnish,98
2023-12-04,Hebrew,93
2023-12-04,Catalan,73
2023-12-04,Croatian,67
2023-12-04,Slovak,52
2023-12-04,Bulgarian,45
2023-12-04,Hindi,41
2023-12-04,Serbian,35
2023-12-04,Slovenian,34
2023-12-04,Lithuanian,33
2023-12-04,Latvian,21
2023-12-04,Estonian,13
2023-12-03,English,283544
2023-12-03,Spanish,6527
2023-12-03,Chinese,3881
2023-12-03,French,1152
2023-12-03,Russian,1069
2023-12-03,German,857
2023-12-03,Arabic,815
2023-12-03,Japanese,756
2023-12-03,Portuguese,743
2023-12-03,Korean,678
2023-12-03,Italian,434
2023-12-03,Turkish,387
2023-12-03,Dutch,356
2023-12-03,Indonesian,284
2023-12-03,Vietnamese,281
2023-12-03,Polish,269
2023-12-03,Greek,179
2023-12-03,Ukrainian,167
2023-12-03,Swedish,149
2023-12-03,Persian,131
2023-12-03,Thai,131
2023-12-03,Hebrew,115
2023-12-03,Czech,94
2023-12-03,Norwegian Bokmål,93
2023-12-03,Hungarian,88
2023-12-03,Danish,77
2023-12-03,Romanian,66
2023-12-03,(other),60
2023-12-03,Finnish,51
2023-12-03,Croatian,44
2023-12-03,Catalan,42
2023-12-03,Slovak,40
2023-12-03,Serbian,35
2023-12-03,Hindi,30
2023-12-03,Slovenian,29
2023-12-03,Bulgarian,27
2023-12-03,Lithuanian,23
2023-12-03,Estonian,11
2023-12-02,English,246826
2023-12-02,Spanish,6137
2023-12-02,Chinese,2996
2023-12-02,French,1087
2023-12-02,Russian,947
2023-12-02,Arabic,778
2023-12-02,German,770
2023-12-02,Portuguese,670
2023-12-02,Japanese,435
2023-12-02,Italian,406
2023-12-02,Korean,325
2023-12-02,Turkish,325
2023-12-02,Dutch,312
2023-12-02,Vietnamese,279
2023-12-02,Polish,250
2023-12-02,Indonesian,237
2023-12-02,Greek,149
2023-12-02,Persian,129
2023-12-02,Hungarian,118
2023-12-02,Ukrainian,117
2023-12-02,Thai,113
2023-12-02,Swedish,112
2023-12-02,Czech,97
2023-12-02,(other),91
2023-12-02,Norwegian Bokmål,88
2023-12-02,Hebrew,86
2023-12-02,Danish,69
2023-12-02,Romanian,64
2023-12-02,Finnish,54
2023-12-02,Croatian,44
2023-12-02,Slovak,42
2023-12-02,Bulgarian,31
2023-12-02,Slovenian,28
2023-12-02,Serbian,26
2023-12-02,Hindi,25
2023-12-02,Catalan,23
2023-12-02,Lithuanian,20
2023-12-01,English,427173
2023-12-01,Spanish,8136
2023-12-01,Chinese,3482
2023-12-01,French,1501
2023-12-01,Russian,1183
2023-12-01,Portuguese,1169
2023-12-01,German,1032
2023-12-01,Arabic,743
2023-12-01,Japanese,651
2023-12-01,Italian,587
2023-12-01,Korean,546
2023-12-01,Turkish,447
2023-12-01,Dutch,442
2023-12-01,Polish,307
2023-12-01,Vietnamese,302
2023-12-01,Indonesian,256
2023-12-01,Greek,166
2023-12-01,Thai,153
2023-12-01,Persian,143
2023-12-01,Swedish,142
2023-12-01,Ukrainian,136
2023-12-01,Norwegian Bokmål,119
2023-12-01,Danish,113
2023-12-01,Hungarian,110
2023-12-01,Czech,107
2023-12-01,(other),102
2023-12-01,Romanian,79
2023-12-01,Finnish,74
2023-12-01,Hebrew,58
2023-12-01,Catalan,57
2023-12-01,Croatian,47
2023-12-01,Slovak,45
2023-12-01,Bulgarian,43
2023-12-01,Slovenian,29
2023-12-01,Serbian,28
2023-12-01,Hindi,26
2023-12-01,Lithuanian,15
2023-11-30,English,472524
2023-11-30,Spanish,9416
2023-11-30,Chinese,4500
2023-11-30,French,1553
2023-11-30,Portuguese,1413
2023-11-30,Russian,1220
2023-11-30,German,1081
2023-11-30,Japanese,919
2023-11-30,Korean,889
2023-11-30,Arabic,785
2023-11-30,Turkish,686
2023-11-30,Italian,664
2023-11-30,Dutch,464
2023-11-30,Vietnamese,377
2023-11-30,Polish,331
2023-11-30,Indonesian,298
2023-11-30,Greek,234
2023-11-30,Thai,224
2023-11-30,Ukrainian,200
2023-11-30,Swedish,167
2023-11-30,Danish,145
2023-11-30,(other),136
2023-11-30,Persian,129
2023-11-30,Norwegian Bokmål,125
2023-11-30,Czech,119
2023-11-30,Hungarian,94
2023-11-30,Hebrew,86
2023-11-30,Romanian,76
2023-11-30,Croatian,68
2023-11-30,Finnish,64
2023-11-30,Catalan,58
2023-11-30,Slovak,41
2023-11-30,Hindi,40
2023-11-30,Slovenian,39
2023-11-30,Serbian,35
2023-11-30,Bulgarian,27
2023-11-30,Lithuanian,19
2023-11-30,Latvian,18
2023-11-30,Marathi,12
2023-11-30,Estonian,11
2023-11-29,English,464160
2023-11-29,Spanish,10584
2023-11-29,Chinese,5239
2023-11-29,French,1680
2023-11-29,Portuguese,1472
2023-11-29,Russian,1323
2023-11-29,German,1113
2023-11-29,Japanese,957
2023-11-29,Korean,918
2023-11-29,Turkish,807
2023-11-29,Arabic,761
2023-11-29,Italian,650
2023-11-29,Dutch,452
2023-11-29,Vietnamese,380
2023-11-29,Polish,325
2023-11-29,Indonesian,314
2023-11-29,Greek,285
2023-11-29,Swedish,194
2023-11-29,Thai,183
2023-11-29,Ukrainian,169
2023-11-29,Norwegian Bokmål,152
2023-11-29,Danish,151
2023-11-29,Persian,151
2023-11-29,Czech,136
2023-11-29,Hungarian,113
2023-11-29,Hebrew,111
2023-11-29,(other),101
2023-11-29,Romanian,75
2023-11-29,Finnish,63
2023-11-29,Croatian,57
2023-11-29,Slovak,55
2023-11-29,Catalan,53
2023-11-29,Hindi,37
2023-11-29,Slovenian,37
2023-11-29,Bulgarian,34
2023-11-29,Serbian,34
2023-11-29,Lithuanian,24
2023-11-29,Marathi,12
2023-11-29,Bengali,11
2023-11-29,Malay,11
2023-11-28,English,477806
2023-11-28,Spanish,10757
2023-11-28,Chinese,4816
2023-11-28,French,1653
2023-11-28,Portuguese,1588
2023-11-28,Russian,1340
2023-11-28,German,1218
2023-11-28,Japanese,1060
2023-11-28,Korean,924
2023-11-28,Arabic,757
2023-11-28,Italian,681
2023-11-28,Turkish,617
2023-11-28,Dutch,444
2023-11-28,Vietnamese,376
2023-11-28,Polish,340
2023-11-28,Indonesian,330
2023-11-28,Greek,286
2023-11-28,Thai,244
2023-11-28,Ukrainian,226
2023-11-28,Swedish,183
2023-11-28,Czech,156
2023-11-28,Persian,145
2023-11-28,Danish,144
2023-11-28,Hungarian,140
2023-11-28,Norwegian Bokmål,131
2023-11-28,(other),113
2023-11-28,Hebrew,111
2023-11-28,Romanian,89
2023-11-28,Slovenian,83
2023-11-28,Finnish,82
2023-11-28,Catalan,56
2023-11-28,Croatian,53
2023-11-28,Slovak,53
2023-11-28,Hindi,39
2023-11-28,Serbian,37
2023-11-28,Bulgarian,30
2023-11-28,Lithuanian,30
2023-11-28,Latvian,23
2023-11-28,Azerbaijani,12
2023-11-27,English,484326
2023-11-27,Spanish,10334
2023-11-27,Chinese,5476
2023-11-27,French,1758
2023-11-27,Portuguese,1519
2023-11-27,German,1307
2023-11-27,Russian,1206
2023-11-27,Korean,1006
2023-11-27,Japanese,1001
2023-11-27,Arabic,757
2023-11-27,Italian,720
2023-11-27,Turkish,513
2023-11-27,Dutch,465
2023-11-27,Polish,361
2023-11-27,Vietnamese,346
2023-11-27,Indonesian,311
2023-11-27,Greek,300
2023-11-27,Thai,182
2023-11-27,Ukrainian,177
2023-11-27,Swedish,174
2023-11-27,Czech,166
2023-11-27,Norwegian Bokmål,155
2023-11-27,Danish,136
2023-11-27,Hungarian,123
2023-11-27,Persian,119
2023-11-27,Hebrew,112
2023-11-27,Romanian,98
2023-11-27,(other),85
2023-11-27,Finnish,81
2023-11-27,Croatian,80
2023-11-27,Catalan,75
2023-11-27,Slovak,54
2023-11-27,Slovenian,37
2023-11-27,Bulgarian,35
2023-11-27,Hindi,33
2023-11-27,Serbian,28
2023-11-27,Lithuanian,21
2023-11-27,Latvian,14
2023-11-27,Estonian,12
2023-11-26,English,273902
2023-11-26,Spanish,6641
2023-11-26,Chinese,6170
2023-11-26,German,1216
2023-11-26,French,1094
2023-11-26,Russian,1045
2023-11-26,Arabic,781
2023-11-26,Portuguese,744
2023-11-26,Japanese,719
2023-11-26,Korean,672
2023-11-26,Italian,418
2023-11-26,Dutch,417
2023-11-26,Turkish,400
2023-11-26,Indonesian,334
2023-11-26,Vietnamese,333
2023-11-26,Polish,287
2023-11-26,Greek,207
2023-11-26,Thai,190
2023-11-26,Swedish,164
2023-11-26,Norwegian Bokmål,133
2023-11-26,Persian,126
2023-11-26,Czech,125
2023-11-26,Ukrainian,121
2023-11-26,Hebrew,95
2023-11-26,Hungarian,94
2023-11-26,(other),80
2023-11-26,Danish,73
2023-11-26,Finnish,66
2023-11-26,Romanian,66
2023-11-26,Croatian,51
2023-11-26,Slovak,47
2023-11-26,Hindi,43
2023-11-26,Serbian,38
2023-11-26,Slovenian,33
2023-11-26,Catalan,31
2023-11-26,Bulgarian,26
2023-11-26,Lithuanian,22
2023-11-26,Uzbek,20
2023-11-26,Estonian,15
2023-11-25,English,262673
2023-11-25,Chinese,6590
2023-11-25,Spanish,5924
2023-11-25,French,1072
2023-11-25,Russian,929
2023-11-25,German,821
2023-11-25,Portuguese,744
2023-11-25,Arabic,663
2023-11-25,Italian,401
2023-11-25,Japanese,372
2023-11-25,Dutch,359
2023-11-25,Korean,337
2023-11-25,Turkish,311
2023-11-25,Vietnamese,264
2023-11-25,Polish,256
2023-11-25,Indonesian,229
2023-11-25,Greek,174
2023-11-25,Swedish,144
2023-11-25,Persian,138
2023-11-25,Norwegian Bokmål,132
2023-11-25,Ukrainian,116
2023-11-25,Thai,95
2023-11-25,Romanian,90
2023-11-25,Czech,88
2023-11-25,Hungarian,79
2023-11-25,Danish,77
2023-11-25,(other),76
2023-11-25,Hebrew,76
2023-11-25,Finnish,71
2023-11-25,Serbian,50
2023-11-25,Slovak,44
2023-11-25,Bulgarian,29
2023-11-25,Croatian,28
2023-11-25,Slovenian,27
2023-11-25,Hindi,26
2023-11-25,Catalan,18
2023-11-25,Lithuanian,13
2023-11-25,Latvian,11
2023-11-24,English,294751
2023-11-24,Spanish,7783
2023-11-24,Chinese,5303
2023-11-24,French,1433
2023-11-24,Portuguese,1263
2023-11-24,Russian,1178
2023-11-24,German,1071
2023-11-24,Arabic,674
2023-11-24,Japanese,641
2023-11-24,Italian,569
2023-11-24,Korean,534
2023-11-24,Dutch,395
2023-11-24,Turkish,388
2023-11-24,Vietnamese,332
2023-11-24,Polish,301
2023-11-24,Indonesian,273
2023-11-24,Greek,219
2023-11-24,Swedish,165
2023-11-24,Norwegian Bokmål,141
2023-11-24,Ukrainian,136
2023-11-24,Thai,135
2023-11-24,Danish,128
2023-11-24,Persian,119
2023-11-24,Czech,117
2023-11-24,Hungarian,99
2023-11-24,(other),88
2023-11-24,Romanian,74
2023-11-24,Finnish,68
2023-11-24,Hebrew,62
2023-11-24,Croatian,58
2023-11-24,Slovak,44
2023-11-24,Catalan,39
2023-11-24,Serbian,31
2023-11-24,Bulgarian,28
2023-11-24,Hindi,26
2023-11-24,Lithuanian,24
2023-11-24,Slovenian,24
2023-11-24,Latvian,13
2023-11-23,English,284209
2023-11-23,Spanish,9857
2023-11-23,Chinese,7117
2023-11-23,French,1540
2023-11-23,Portuguese,1440
2023-11-23,German,1283
2023-11-23,Russian,1250
2023-11-23,Korean,818
2023-11-23,Japanese,718
2023-11-23,Italian,647
2023-11-23,Arabic,622
2023-11-23,Turkish,475
2023-11-23,Dutch,444
2023-11-23,Vietnamese,400
2023-11-23,Polish,363
2023-11-23,Indonesian,315
2023-11-23,Greek,310
2023-11-23,Ukrainian,240
2023-11-23,Swedish,218
2023-11-23,Thai,205
2023-11-23,Norwegian Bokmål,166
2023-11-23,Czech,157
2023-11-23,Danish,148
2023-11-23,Persian,131
2023-11-23,(other),108
2023-11-23,Finnish,105
2023-11-23,Romanian,103
2023-11-23,Hebrew,101
2023-11-23,Hungarian,92
2023-11-23,Catalan,69
2023-11-23,Croatian,66
2023-11-23,Slovenian,55
2023-11-23,Serbian,54
2023-11-23,Slovak,41
2023-11-23,Hindi,36
2023-11-23,Bulgarian,34
2023-11-23,Lithuanian,22
2023-11-23,Latvian,17
2023-11-23,Estonian,14
2023-11-22,English,406759
2023-11-22,Spanish,10549
2023-11-22,Chinese,5742
2023-11-22,French,1735
2023-11-22,Portuguese,1628
2023-11-22,German,1236
2023-11-22,Russian,1192
2023-11-22,Korean,932
2023-11-22,Japanese,703
2023-11-22,Italian,699
2023-11-22,Arabic,645
2023-11-22,Turkish,516
2023-11-22,Dutch,450
2023-11-22,Vietnamese,426
2023-11-22,Polish,363
2023-11-22,Indonesian,346
2023-11-22,Greek,271
2023-11-22,Swedish,234
2023-11-22,Thai,223
2023-11-22,Ukrainian,172
2023-11-22,Norwegian Bokmål,159
2023-11-22,Czech,148
2023-11-22,Danish,136
2023-11-22,Persian,126
2023-11-22,Hungarian,120
2023-11-22,Romanian,110
2023-11-22,Hebrew,90
2023-11-22,Finnish,89
2023-11-22,(other),86
2023-11-22,Croatian,63
2023-11-22,Slovak,58
2023-11-22,Catalan,55
2023-11-22,Bulgarian,37
2023-11-22,Hindi,36
2023-11-22,Lithuanian,33
2023-11-22,Serbian,26
2023-11-22,Slovenian,23
2023-11-22,Central Khmer,13
2023-11-21,English,475815
2023-11-21,Spanish,11197
2023-11-21,Chinese,10599
2023-11-21,French,1883
2023-11-21,Portuguese,1620
2023-11-21,Russian,1323
2023-11-21,German,1288
2023-11-21,Korean,983
2023-11-21,Japanese,973
2023-11-21,Italian,760
2023-11-21,Arabic,680
2023-11-21,Turkish,471
2023-11-21,Dutch,432
2023-11-21,Indonesian,365
2023-11-21,Vietnamese,357
2023-11-21,Polish,348
2023-11-21,Greek,261
2023-11-21,Thai,239
2023-11-21,Swedish,219
2023-11-21,Ukrainian,175
2023-11-21,Czech,149
2023-11-21,Danish,136
2023-11-21,Persian,136
2023-11-21,Romanian,131
2023-11-21,Norwegian Bokmål,130
2023-11-21,Hungarian,118
2023-11-21,Finnish,105
2023-11-21,(other),92
2023-11-21,Hebrew,84
2023-11-21,Catalan,75
2023-11-21,Slovak,66
2023-11-21,Croatian,63
2023-11-21,Serbian,47
2023-11-21,Lithuanian,45
2023-11-21,Hindi,35
2023-11-21,Bulgarian,34
2023-11-21,Slovenian,33
2023-11-21,Latvian,14
2023-11-20,English,525821
2023-11-20,Spanish,9550
2023-11-20,Chinese,7117
2023-11-20,French,1778
2023-11-20,Portuguese,1495
2023-11-20,German,1393
2023-11-20,Russian,1272
2023-11-20,Korean,1078
2023-11-20,Japanese,1028
2023-11-20,Italian,668
2023-11-20,Arabic,658
2023-11-20,Dutch,471
2023-11-20,Turkish,461
2023-11-20,Indonesian,392
2023-11-20,Polish,374
2023-11-20,Vietnamese,363
2023-11-20,Greek,293
2023-11-20,Swedish,242
2023-11-20,Thai,200
2023-11-20,Norwegian Bokmål,178
2023-11-20,Ukrainian,162
2023-11-20,Danish,150
2023-11-20,Persian,149
2023-11-20,Hungarian,137
2023-11-20,Czech,136
2023-11-20,Hebrew,110
2023-11-20,(other),107
2023-11-20,Romanian,103
2023-11-20,Finnish,71
2023-11-20,Catalan,67
2023-11-20,Slovak,64
2023-11-20,Croatian,60
2023-11-20,Serbian,51
2023-11-20,Lithuanian,39
2023-11-20,Hindi,31
2023-11-20,Slovenian,31
2023-11-20,Bulgarian,30
2023-11-20,Latvian,17
2023-11-19,English,342707
2023-11-19,Spanish,6845
2023-11-19,Chinese,4667
2023-11-19,French,1329
2023-11-19,German,1106
2023-11-19,Russian,1007
2023-11-19,Portuguese,812
2023-11-19,Japanese,746
2023-11-19,Korean,707
2023-11-19,Arabic,605
2023-11-19,Dutch,433
2023-11-19,Italian,409
2023-11-19,Indonesian,389
2023-11-19,Turkish,369
2023-11-19,Polish,333
2023-11-19,Vietnamese,314
2023-11-19,Swedish,185
2023-11-19,Greek,182
2023-11-19,Thai,162
2023-11-19,Ukrainian,140
2023-11-19,Hebrew,137
2023-11-19,Hungarian,132
2023-11-19,Czech,126
2023-11-19,Norwegian Bokmål,117
2023-11-19,Persian,93
2023-11-19,(other),89
2023-11-19,Danish,84
2023-11-19,Finnish,74
2023-11-19,Romanian,74
2023-11-19,Slovak,60
2023-11-19,Croatian,49
2023-11-19,Hindi,41
2023-11-19,Catalan,38
2023-11-19,Slovenian,36
2023-11-19,Bulgarian,33
2023-11-19,Serbian,33
2023-11-19,Lithuanian,19
2023-11-19,Central Khmer,11
2023-11-18,English,304599
2023-11-18,Spanish,6299
2023-11-18,Chinese,3789
2023-11-18,French,1212
2023-11-18,Russian,1033
2023-11-18,German,970
2023-11-18,Portuguese,702
2023-11-18,Arabic,620
2023-11-18,Italian,414
2023-11-18,Japanese,410
2023-11-18,Korean,387
2023-11-18,Dutch,372
2023-11-18,Turkish,360
2023-11-18,Polish,278
2023-11-18,Indonesian,242
2023-11-18,Vietnamese,210
2023-11-18,Greek,204
2023-11-18,Swedish,158
2023-11-18,Thai,134
2023-11-18,Norwegian Bokmål,130
2023-11-18,Ukrainian,119
2023-11-18,Hungarian,116
2023-11-18,Czech,114
2023-11-18,Danish,98
2023-11-18,Hebrew,86
2023-11-18,(other),81
2023-11-18,Finnish,79
2023-11-18,Persian,77
2023-11-18,Croatian,72
2023-11-18,Romanian,63
2023-11-18,Slovak,57
2023-11-18,Bulgarian,45
2023-11-18,Serbian,38
2023-11-18,Catalan,31
2023-11-18,Slovenian,30
2023-11-18,Hindi,29
2023-11-18,Lithuanian,29
2023-11-18,Estonian,12
2023-11-17,English,520578
2023-11-17,Spanish,9248
2023-11-17,Chinese,3880
2023-11-17,French,1604
2023-11-17,Portuguese,1365
2023-11-17,Russian,1214
2023-11-17,German,1208
2023-11-17,Arabic,656
2023-11-17,Japanese,655
2023-11-17,Korean,655
2023-11-17,Italian,581
2023-11-17,Turkish,487
2023-11-17,Dutch,470
2023-11-17,Vietnamese,331
2023-11-17,Polish,327
2023-11-17,Indonesian,281
2023-11-17,Swedish,216
2023-11-17,Greek,199
2023-11-17,Thai,151
2023-11-17,Ukrainian,125
2023-11-17,Danish,122
2023-11-17,Hungarian,119
2023-11-17,Norwegian Bokmål,115
2023-11-17,Czech,98
2023-11-17,(other),96
2023-11-17,Persian,88
2023-11-17,Croatian,86
2023-11-17,Romanian,76
2023-11-17,Finnish,74
2023-11-17,Hebrew,70
2023-11-17,Catalan,51
2023-11-17,Serbian,48
2023-11-17,Slovak,45
2023-11-17,Hindi,33
2023-11-17,Bulgarian,32
2023-11-17,Slovenian,30
2023-11-17,Lithuanian,28
2023-11-17,Latvian,23
2023-11-17,Estonian,11
2023-11-16,English,560203
2023-11-16,Spanish,10392
2023-11-16,Chinese,4313
2023-11-16,French,1802
2023-11-16,Portuguese,1642
2023-11-16,Russian,1292
2023-11-16,German,1228
2023-11-16,Korean,1011
2023-11-16,Japanese,947
2023-11-16,Italian,682
2023-11-16,Turkish,677
2023-11-16,Arabic,633
2023-11-16,Dutch,497
2023-11-16,Vietnamese,352
2023-11-16,Polish,338
2023-11-16,Indonesian,337
2023-11-16,Swedish,236
2023-11-16,Greek,233
2023-11-16,Thai,217
2023-11-16,Norwegian Bokmål,213
2023-11-16,Ukrainian,154
2023-11-16,Hungarian,139
2023-11-16,Czech,136
2023-11-16,Danish,135
2023-11-16,Romanian,109
2023-11-16,Hebrew,91
2023-11-16,Croatian,89
2023-11-16,Persian,89
2023-11-16,(other),88
2023-11-16,Finnish,82
2023-11-16,Catalan,59
2023-11-16,Slovak,48
2023-11-16,Bulgarian,45
2023-11-16,Serbian,42
2023-11-16,Lithuanian,33
2023-11-16,Slovenian,30
2023-11-16,Hindi,29
2023-11-16,Latvian,13
2023-11-15,English,483541
2023-11-15,Spanish,10953
2023-11-15,Chinese,4661
2023-11-15,French,1667
2023-11-15,Russian,1410
2023-11-15,German,1224
2023-11-15,Portuguese,1185
2023-11-15,Korean,980
2023-11-15,Japanese,969
2023-11-15,Italian,655
2023-11-15,Arabic,593
2023-11-15,Turkish,478
2023-11-15,Dutch,452
2023-11-15,Polish,441
2023-11-15,Indonesian,403
2023-11-15,Vietnamese,396
2023-11-15,Thai,292
2023-11-15,Greek,273
2023-11-15,Swedish,207
2023-11-15,Czech,154
2023-11-15,Norwegian Bokmål,153
2023-11-15,(other),152
2023-11-15,Ukrainian,143
2023-11-15,Persian,133
2023-11-15,Danish,131
2023-11-15,Hungarian,123
2023-11-15,Hebrew,90
2023-11-15,Finnish,86
2023-11-15,Romanian,85
2023-11-15,Croatian,82
2023-11-15,Catalan,70
2023-11-15,Slovak,57
2023-11-15,Serbian,43
2023-11-15,Slovenian,35
2023-11-15,Hindi,31
2023-11-15,Bulgarian,28
2023-11-15,Lithuanian,23
2023-11-15,Estonian,14
2023-11-15,Azerbaijani,12
2023-11-15,Latvian,12
2023-11-14,English,491755
2023-11-14,Spanish,11530
2023-11-14,Chinese,5531
2023-11-14,French,1708
2023-11-14,Portuguese,1613
2023-11-14,Russian,1490
2023-11-14,German,1229
2023-11-14,Korean,1076
2023-11-14,Japanese,1019
2023-11-14,Italian,671
2023-11-14,Turkish,537
2023-11-14,Arabic,521
2023-11-14,Dutch,454
2023-11-14,Vietnamese,431
2023-11-14,Polish,393
2023-11-14,Indonesian,387
2023-11-14,Greek,257
2023-11-14,Ukrainian,245
2023-11-14,Thai,235
2023-11-14,Swedish,204
2023-11-14,Persian,174
2023-11-14,Danish,172
2023-11-14,Czech,134
2023-11-14,(other),133
2023-11-14,Norwegian Bokmål,124
2023-11-14,Hungarian,116
2023-11-14,Romanian,111
2023-11-14,Hebrew,100
2023-11-14,Finnish,90
2023-11-14,Croatian,75
2023-11-14,Catalan,69
2023-11-14,Slovak,61
2023-11-14,Serbian,45
2023-11-14,Slovenian,40
2023-11-14,Bulgarian,30
2023-11-14,Lithuanian,30
2023-11-14,Hindi,23
2023-11-14,Azerbaijani,15
2023-11-14,Latvian,15
2023-11-14,Estonian,12
2023-11-13,English,500493
2023-11-13,Spanish,10949
2023-11-13,Chinese,4758
2023-11-13,French,1776
2023-11-13,Portuguese,1773
2023-11-13,Russian,1530
2023-11-13,German,1368
2023-11-13,Korean,1019
2023-11-13,Japanese,961
2023-11-13,Italian,694
2023-11-13,Arabic,607
2023-11-13,Turkish,528
2023-11-13,Dutch,506
2023-11-13,Indonesian,439
2023-11-13,Vietnamese,428
2023-11-13,Polish,413
2023-11-13,Greek,270
2023-11-13,Thai,233
2023-11-13,Swedish,214
2023-11-13,Ukrainian,187
2023-11-13,Persian,162
2023-11-13,Czech,158
2023-11-13,Danish,158
2023-11-13,Hungarian,146
2023-11-13,Norwegian Bokmål,146
2023-11-13,Finnish,94
2023-11-13,Hebrew,85
2023-11-13,(other),84
2023-11-13,Romanian,84
2023-11-13,Croatian,73
2023-11-13,Catalan,56
2023-11-13,Slovak,48
2023-11-13,Serbian,45
2023-11-13,Bulgarian,41
2023-11-13,Slovenian,38
2023-11-13,Lithuanian,27
2023-11-13,Hindi,23
2023-11-13,Latvian,17
2023-11-13,Uzbek,11
2023-11-12,English,303987
2023-11-12,Spanish,7156
2023-11-12,Chinese,3275
2023-11-12,French,1245
2023-11-12,Russian,1128
2023-11-12,German,1017
2023-11-12,Portuguese,840
2023-11-12,Japanese,715
2023-11-12,Korean,710
2023-11-12,Arabic,603
2023-11-12,Italian,436
2023-11-12,Indonesian,391
2023-11-12,Dutch,365
2023-11-12,Turkish,346
2023-11-12,Polish,337
2023-11-12,Vietnamese,337
2023-11-12,Greek,228
2023-11-12,Thai,194
2023-11-12,Persian,156
2023-11-12,Swedish,134
2023-11-12,Ukrainian,126
2023-11-12,Hungarian,116
2023-11-12,Norwegian Bokmål,112
2023-11-12,Hebrew,108
2023-11-12,Danish,107
2023-11-12,Czech,90
2023-11-12,Romanian,83
2023-11-12,(other),79
2023-11-12,Finnish,63
2023-11-12,Slovak,52
2023-11-12,Croatian,51
2023-11-12,Serbian,45
2023-11-12,Bulgarian,35
2023-11-12,Lithuanian,29
2023-11-12,Slovenian,24
2023-11-12,Catalan,23
2023-11-12,Latvian,20
2023-11-12,Hindi,19
2023-11-12,Georgian,14
2023-11-11,English,268765
2023-11-11,Spanish,6134
2023-11-11,Chinese,3175
2023-11-11,French,1069
2023-11-11,Russian,918
2023-11-11,German,884
2023-11-11,Portuguese,787
2023-11-11,Arabic,506
2023-11-11,Italian,417
2023-11-11,Japanese,370
2023-11-11,Korean,369
2023-11-11,Turkish,348
2023-11-11,Dutch,307
2023-11-11,Polish,295
2023-11-11,Vietnamese,256
2023-11-11,Indonesian,221
2023-11-11,Greek,189
2023-11-11,Swedish,131
2023-11-11,Hungarian,120
2023-11-11,Norwegian Bokmål,113
2023-11-11,Persian,105
2023-11-11,Hebrew,98
2023-11-11,Ukrainian,97
2023-11-11,Thai,94
2023-11-11,Czech,93
2023-11-11,Romanian,87
2023-11-11,Danish,83
2023-11-11,(other),68
2023-11-11,Slovak,48
2023-11-11,Serbian,45
2023-11-11,Croatian,43
2023-11-11,Finnish,41
2023-11-11,Bulgarian,35
2023-11-11,Catalan,35
2023-11-11,Slovenian,28
2023-11-11,Hindi,21
2023-11-11,Lithuanian,15
2023-11-10,English,364274
2023-11-10,Spanish,8803
2023-11-10,Chinese,3696
2023-11-10,French,1489
2023-11-10,Portuguese,1466
2023-11-10,German,1281
2023-11-10,Russian,1216
2023-11-10,Japanese,718
2023-11-10,Italian,611
2023-11-10,Korean,595
2023-11-10,Arabic,540
2023-11-10,Turkish,487
2023-11-10,Dutch,460
2023-11-10,Polish,321
2023-11-10,Vietnamese,319
2023-11-10,Indonesian,266
2023-11-10,Greek,257
2023-11-10,Swedish,189
2023-11-10,Danish,154
2023-11-10,Czech,149
2023-11-10,Thai,142
2023-11-10,Ukrainian,139
2023-11-10,Persian,135
2023-11-10,Norwegian Bokmål,128
2023-11-10,Hungarian,105
2023-11-10,Romanian,101
2023-11-10,Hebrew,73
2023-11-10,Finnish,72
2023-11-10,(other),62
2023-11-10,Croatian,58
2023-11-10,Catalan,53
2023-11-10,Bulgarian,51
2023-11-10,Slovak,50
2023-11-10,Serbian,45
2023-11-10,Slovenian,39
2023-11-10,Hindi,30
2023-11-10,Lithuanian,29
2023-11-10,Estonian,14
2023-11-10,Latvian,11
2023-11-09,English,517357
2023-11-09,Spanish,11431
2023-11-09,Chinese,5637
2023-11-09,Portuguese,2352
2023-11-09,French,1917
2023-11-09,German,1450
2023-11-09,Russian,1341
2023-11-09,Japanese,1149
2023-11-09,Korean,1064
2023-11-09,Italian,677
2023-11-09,Arabic,650
2023-11-09,Turkish,607
2023-11-09,Dutch,526
2023-11-09,Vietnamese,474
2023-11-09,Polish,469
2023-11-09,Indonesian,315
2023-11-09,Greek,278
2023-11-09,Thai,219
2023-11-09,Swedish,214
2023-11-09,Danish,200
2023-11-09,Norwegian Bokmål,196
2023-11-09,Czech,179
2023-11-09,Ukrainian,173
2023-11-09,Persian,139
2023-11-09,Romanian,123
2023-11-09,Hungarian,110
2023-11-09,Finnish,94
2023-11-09,Hebrew,87
2023-11-09,Croatian,79
2023-11-09,(other),74
2023-11-09,Catalan,58
2023-11-09,Slovak,56
2023-11-09,Serbian,48
2023-11-09,Bulgarian,44
2023-11-09,Lithuanian,36
2023-11-09,Slovenian,34
2023-11-09,Hindi,32
2023-11-09,Latvian,19
2023-11-09,Estonian,15
2023-11-09,Bosnian,11
2023-11-09,Georgian,11
2023-11-08,English,516854
2023-11-08,Spanish,11492
2023-11-08,Chinese,5617
2023-11-08,Portuguese,1691
2023-11-08,French,1610
2023-11-08,Russian,1307
2023-11-08,German,1235
2023-11-08,Japanese,1000
2023-11-08,Korean,930
2023-11-08,Italian,709
2023-11-08,Arabic,640
2023-11-08,Turkish,533
2023-11-08,Vietnamese,439
2023-11-08,Polish,423
2023-11-08,Dutch,402
2023-11-08,Greek,387
2023-11-08,Indonesian,384
2023-11-08,Thai,257
2023-11-08,Swedish,199
2023-11-08,Ukrainian,172
2023-11-08,Czech,170
2023-11-08,Danish,162
2023-11-08,Norwegian Bokmål,149
2023-11-08,(other),143
2023-11-08,Persian,132
2023-11-08,Hungarian,118
2023-11-08,Romanian,104
2023-11-08,Hebrew,97
2023-11-08,Finnish,92
2023-11-08,Croatian,61
2023-11-08,Slovak,61
2023-11-08,Catalan,60
2023-11-08,Bulgarian,55
2023-11-08,Serbian,46
2023-11-08,Lithuanian,39
2023-11-08,Slovenian,39
2023-11-08,Hindi,37
2023-11-08,Estonian,17
2023-11-08,Latvian,17
2023-11-07,English,511796
2023-11-07,Spanish,11758
2023-11-07,Chinese,6856
2023-11-07,French,1766
2023-11-07,Portuguese,1696
2023-11-07,German,1377
2023-11-07,Russian,1278
2023-11-07,Japanese,1256
2023-11-07,Korean,937
2023-11-07,Italian,747
2023-11-07,Arabic,634
2023-11-07,Turkish,546
2023-11-07,Dutch,433
2023-11-07,Indonesian,429
2023-11-07,Vietnamese,427
2023-11-07,Polish,342
2023-11-07,Thai,217
2023-11-07,Greek,209
2023-11-07,Ukrainian,194
2023-11-07,Swedish,184
2023-11-07,Norwegian Bokmål,155
2023-11-07,Danish,153
2023-11-07,Czech,152
2023-11-07,Hungarian,130
2023-11-07,Persian,126
2023-11-07,(other),106
2023-11-07,Romanian,103
2023-11-07,Hebrew,94
2023-11-07,Finnish,73
2023-11-07,Catalan,65
2023-11-07,Croatian,65
2023-11-07,Slovak,53
2023-11-07,Hindi,44
2023-11-07,Serbian,39
2023-11-07,Lithuanian,38
2023-11-07,Bulgarian,35
2023-11-07,Slovenian,25
2023-11-07,Latvian,21
2023-11-07,Estonian,15
2023-11-06,English,542615
2023-11-06,Spanish,11033
2023-11-06,Chinese,6451
2023-11-06,Portuguese,1748
2023-11-06,French,1714
2023-11-06,German,1381
2023-11-06,Japanese,1176
2023-11-06,Russian,1155
2023-11-06,Korean,945
2023-11-06,Italian,633
2023-11-06,Arabic,629
2023-11-06,Turkish,550
2023-11-06,Dutch,473
2023-11-06,Vietnamese,397
2023-11-06,Indonesian,378
2023-11-06,Polish,372
2023-11-06,Greek,248
2023-11-06,Swedish,209
2023-11-06,Ukrainian,207
2023-11-06,Thai,206
2023-11-06,Czech,178
2023-11-06,Danish,174
2023-11-06,Hungarian,154
2023-11-06,Norwegian Bokmål,143
2023-11-06,Persian,136
2023-11-06,Hebrew,97
2023-11-06,Romanian,97
2023-11-06,Croatian,89
2023-11-06,Finnish,85
2023-11-06,Catalan,60
2023-11-06,(other),57
2023-11-06,Slovak,56
2023-11-06,Hindi,37
2023-11-06,Bulgarian,32
2023-11-06,Slovenian,30
2023-11-06,Serbian,29
2023-11-06,Lithuanian,25
2023-11-06,Latvian,18
2023-11-06,Estonian,16
2023-11-06,Azerbaijani,14
2023-11-06,Bosnian,11
2023-11-06,Malay,11
2023-11-05,English,348721
2023-11-05,Spanish,7100
2023-11-05,Chinese,4070
2023-11-05,French,1175
2023-11-05,German,1130
2023-11-05,Russian,991
2023-11-05,Portuguese,893
2023-11-05,Japanese,766
2023-11-05,Korean,691
2023-11-05,Arabic,640
2023-11-05,Italian,481
2023-11-05,Dutch,424
2023-11-05,Turkish,407
2023-11-05,Polish,348
2023-11-05,Indonesian,336
2023-11-05,Vietnamese,313
2023-11-05,Greek,172
2023-11-05,Thai,171
2023-11-05,Swedish,160
2023-11-05,Persian,144
2023-11-05,Czech,135
2023-11-05,Norwegian Bokmål,128
2023-11-05,Hungarian,121
2023-11-05,Ukrainian,120
2023-11-05,Danish,119
2023-11-05,Hebrew,96
2023-11-05,(other),91
2023-11-05,Romanian,88
2023-11-05,Croatian,80
2023-11-05,Slovak,70
2023-11-05,Finnish,67
2023-11-05,Catalan,54
2023-11-05,Serbian,33
2023-11-05,Bulgarian,30
2023-11-05,Lithuanian,28
2023-11-05,Hindi,26
2023-11-05,Slovenian,23
2023-11-05,Estonian,13
2023-11-05,Bengali,12
2023-11-05,Georgian,12
2023-11-04,English,262368
2023-11-04,Spanish,5997
2023-11-04,Chinese,4226
2023-11-04,French,1039
2023-11-04,Russian,931
2023-11-04,German,890
2023-11-04,Portuguese,760
2023-11-04,Arabic,516
2023-11-04,Japanese,398
2023-11-04,Italian,390
2023-11-04,Korean,379
2023-11-04,Dutch,354
2023-11-04,Turkish,298
2023-11-04,Polish,276
2023-11-04,Vietnamese,258
2023-11-04,Indonesian,231
2023-11-04,Greek,161
2023-11-04,Ukrainian,138
2023-11-04,Swedish,133
2023-11-04,(other),132
2023-11-04,Norwegian Bokmål,128
2023-11-04,Persian,124
2023-11-04,Hungarian,111
2023-11-04,Thai,111
2023-11-04,Czech,104
2023-11-04,Danish,92
2023-11-04,Romanian,71
2023-11-04,Hebrew,64
2023-11-04,Finnish,55
2023-11-04,Slovak,55
2023-11-04,Croatian,44
2023-11-04,Serbian,44
2023-11-04,Catalan,36
2023-11-04,Hindi,35
2023-11-04,Slovenian,31
2023-11-04,Bulgarian,26
2023-11-04,Latvian,23
2023-11-04,Lithuanian,20
2023-11-03,English,421652
2023-11-03,Spanish,8335
2023-11-03,Chinese,6994
2023-11-03,French,1533
2023-11-03,German,1286
2023-11-03,Portuguese,1222
2023-11-03,Russian,1155
2023-11-03,Korean,597
2023-11-03,Italian,577
2023-11-03,Dutch,456
2023-11-03,Arabic,435
2023-11-03,Japanese,430
2023-11-03,Turkish,416
2023-11-03,Polish,346
2023-11-03,Vietnamese,334
2023-11-03,Indonesian,263
2023-11-03,Greek,214
2023-11-03,Thai,207
2023-11-03,Ukrainian,162
2023-11-03,Swedish,151
2023-11-03,Norwegian Bokmål,147
2023-11-03,Hungarian,141
2023-11-03,Danish,124
2023-11-03,Persian,117
2023-11-03,Czech,108
2023-11-03,Romanian,89
2023-11-03,Catalan,75
2023-11-03,Finnish,73
2023-11-03,(other),67
2023-11-03,Croatian,61
2023-11-03,Hebrew,59
2023-11-03,Hindi,49
2023-11-03,Slovak,49
2023-11-03,Serbian,32
2023-11-03,Lithuanian,28
2023-11-03,Slovenian,25
2023-11-03,Bulgarian,23
2023-11-03,Latvian,22
2023-11-02,English,493143
2023-11-02,Chinese,9105
2023-11-02,Spanish,9082
2023-11-02,French,1620
2023-11-02,German,1194
2023-11-02,Russian,1186
2023-11-02,Portuguese,1106
2023-11-02,Korean,832
2023-11-02,Japanese,683
2023-11-02,Italian,598
2023-11-02,Turkish,522
2023-11-02,Dutch,457
2023-11-02,Arabic,450
2023-11-02,Indonesian,421
2023-11-02,Vietnamese,414
2023-11-02,Polish,354
2023-11-02,Greek,258
2023-11-02,Thai,250
2023-11-02,Ukrainian,165
2023-11-02,Swedish,154
2023-11-02,(other),151
2023-11-02,Czech,146
2023-11-02,Danish,143
2023-11-02,Norwegian Bokmål,143
2023-11-02,Persian,119
2023-11-02,Hungarian,113
2023-11-02,Romanian,98
2023-11-02,Finnish,92
2023-11-02,Hebrew,86
2023-11-02,Catalan,63
2023-11-02,Croatian,59
2023-11-02,Slovak,50
2023-11-02,Serbian,48
2023-11-02,Hindi,46
2023-11-02,Latvian,30
2023-11-02,Bulgarian,26
2023-11-02,Slovenian,26
2023-11-02,Lithuanian,18
2023-11-02,Estonian,17
2023-11-02,Uzbek,11
2023-11-01,English,482121
2023-11-01,Spanish,9307
2023-11-01,Chinese,5965
2023-11-01,Portuguese,1422
2023-11-01,French,1380
2023-11-01,Russian,1268
2023-11-01,German,1140
2023-11-01,Japanese,931
2023-11-01,Korean,902
2023-11-01,Arabic,535
2023-11-01,Turkish,509
2023-11-01,Indonesian,457
2023-11-01,Dutch,445
2023-11-01,Italian,420
2023-11-01,Vietnamese,369
2023-11-01,Thai,259
2023-11-01,Greek,256
2023-11-01,Polish,228
2023-11-01,Ukrainian,192
2023-11-01,Swedish,171
2023-11-01,(other),164
2023-11-01,Danish,143
2023-11-01,Norwegian Bokmål,139
2023-11-01,Czech,138
2023-11-01,Persian,137
2023-11-01,Hebrew,104
2023-11-01,Romanian,102
2023-11-01,Hungarian,93
2023-11-01,Finnish,70
2023-11-01,Croatian,52
2023-11-01,Catalan,51
2023-11-01,Serbian,42
2023-11-01,Slovak,42
2023-11-01,Hindi,38
2023-11-01,Bulgarian,33
2023-11-01,Slovenian,28
2023-11-01,Latvian,20
2023-11-01,Lithuanian,17
2023-11-01,Estonian,12
2023-11-01,Malay,11
2023-10-31,English,460722
2023-10-31,Spanish,9616
2023-10-31,Chinese,4002
2023-10-31,Portuguese,1602
2023-10-31,French,1471
2023-10-31,Russian,1261
2023-10-31,German,1128
2023-10-31,Japanese,956
2023-10-31,Korean,926
2023-10-31,Italian,626
2023-10-31,Turkish,504
2023-10-31,Arabic,478
2023-10-31,Dutch,436
2023-10-31,Vietnamese,417
2023-10-31,Indonesian,369
2023-10-31,Polish,354
2023-10-31,Greek,211
2023-10-31,(other),208
2023-10-31,Swedish,207
2023-10-31,Thai,196
2023-10-31,Persian,160
2023-10-31,Czech,159
2023-10-31,Norwegian Bokmål,150
2023-10-31,Ukrainian,144
2023-10-31,Danish,138
2023-10-31,Hungarian,129
2023-10-31,Hebrew,92
2023-10-31,Finnish,87
2023-10-31,Romanian,83
2023-10-31,Croatian,75
2023-10-31,Slovak,51
2023-10-31,Catalan,44
2023-10-31,Hindi,32
2023-10-31,Lithuanian,30
2023-10-31,Serbian,28
2023-10-31,Bulgarian,27
2023-10-31,Slovenian,27
2023-10-31,Latvian,17
2023-10-31,Estonian,15
2023-10-31,Uzbek,13
2023-10-31,Bosnian,11
2023-10-30,English,511560
2023-10-30,Spanish,10149
2023-10-30,Chinese,4906
2023-10-30,Portuguese,1643
2023-10-30,French,1555
2023-10-30,Russian,1274
2023-10-30,German,1156
2023-10-30,Japanese,1092
2023-10-30,Korean,990
2023-10-30,Italian,627
2023-10-30,Arabic,550
2023-10-30,Dutch,518
2023-10-30,Turkish,504
2023-10-30,Vietnamese,454
2023-10-30,Indonesian,360
2023-10-30,Polish,352
2023-10-30,Greek,235
2023-10-30,Thai,232
2023-10-30,(other),190
2023-10-30,Swedish,181
2023-10-30,Czech,180
2023-10-30,Ukrainian,151
2023-10-30,Norwegian Bokmål,147
2023-10-30,Danish,146
2023-10-30,Persian,140
2023-10-30,Romanian,103
2023-10-30,Hungarian,94
2023-10-30,Hebrew,89
2023-10-30,Finnish,80
2023-10-30,Croatian,60
2023-10-30,Slovak,55
2023-10-30,Catalan,49
2023-10-30,Bulgarian,46
2023-10-30,Hindi,39
2023-10-30,Serbian,35
2023-10-30,Lithuanian,28
2023-10-30,Slovenian,27
2023-10-30,Estonian,15
2023-10-30,Latvian,14
2023-10-30,Malay,12
2023-10-29,English,275073
2023-10-29,Spanish,6173
2023-10-29,Chinese,3231
2023-10-29,French,1150
2023-10-29,German,1068
2023-10-29,Portuguese,989
2023-10-29,Russian,935
2023-10-29,Japanese,639
2023-10-29,Korean,629
2023-10-29,Arabic,501
2023-10-29,Italian,424
2023-10-29,Dutch,372
2023-10-29,Vietnamese,354
2023-10-29,Indonesian,349
2023-10-29,Turkish,283
2023-10-29,Polish,265
2023-10-29,Thai,165
2023-10-29,Greek,157
2023-10-29,Norwegian Bokmål,156
2023-10-29,Swedish,142
2023-10-29,Persian,140
2023-10-29,Czech,129
2023-10-29,Danish,117
2023-10-29,Ukrainian,111
2023-10-29,Hungarian,102
2023-10-29,Finnish,94
2023-10-29,Hebrew,86
2023-10-29,Romanian,82
2023-10-29,(other),57
2023-10-29,Croatian,45
2023-10-29,Slovak,41
2023-10-29,Catalan,35
2023-10-29,Hindi,35
2023-10-29,Serbian,34
2023-10-29,Slovenian,28
2023-10-29,Bulgarian,25
2023-10-29,Estonian,16
2023-10-29,Lithuanian,16
2023-10-29,Latvian,13
2023-10-28,English,250678
2023-10-28,Spanish,5529
2023-10-28,Chinese,2354
2023-10-28,French,1033
2023-10-28,Russian,936
2023-10-28,German,859
2023-10-28,Portuguese,761
2023-10-28,Arabic,509
2023-10-28,Korean,374
2023-10-28,Dutch,363
2023-10-28,Italian,353
2023-10-28,Japanese,347
2023-10-28,Turkish,304
2023-10-28,Vietnamese,275
2023-10-28,Indonesian,243
2023-10-28,Polish,240
2023-10-28,Greek,143
2023-10-28,Swedish,130
2023-10-28,Persian,129
2023-10-28,Thai,123
2023-10-28,Ukrainian,121
2023-10-28,(other),118
2023-10-28,Norwegian Bokmål,116
2023-10-28,Danish,107
2023-10-28,Hungarian,90
2023-10-28,Romanian,90
2023-10-28,Czech,83
2023-10-28,Hebrew,62
2023-10-28,Finnish,57
2023-10-28,Slovak,57
2023-10-28,Croatian,55
2023-10-28,Bulgarian,42
2023-10-28,Hindi,40
2023-10-28,Catalan,27
2023-10-28,Serbian,24
2023-10-28,Slovenian,21
2023-10-28,Lithuanian,14
2023-10-28,Latvian,12
2023-10-28,Estonian,11
2023-10-27,English,412940
2023-10-27,Spanish,8234
2023-10-27,Chinese,3689
2023-10-27,French,1480
2023-10-27,Portuguese,1338
2023-10-27,Russian,1209
2023-10-27,German,1175
2023-10-27,Japanese,726
2023-10-27,Italian,637
2023-10-27,Korean,565
2023-10-27,Arabic,495
2023-10-27,Dutch,431
2023-10-27,Turkish,423
2023-10-27,Vietnamese,359
2023-10-27,Polish,315
2023-10-27,Indonesian,282
2023-10-27,Greek,201
2023-10-27,(other),179
2023-10-27,Swedish,179
2023-10-27,Persian,158
2023-10-27,Czech,149
2023-10-27,Norwegian Bokmål,146
2023-10-27,Thai,140
2023-10-27,Ukrainian,138
2023-10-27,Danish,130
2023-10-27,Romanian,103
2023-10-27,Hungarian,95
2023-10-27,Finnish,69
2023-10-27,Croatian,60
2023-10-27,Hebrew,58
2023-10-27,Slovak,46
2023-10-27,Catalan,41
2023-10-27,Serbian,40
2023-10-27,Slovenian,30
2023-10-27,Hindi,28
2023-10-27,Bulgarian,27
2023-10-27,Lithuanian,27
2023-10-27,Latvian,13
2023-10-27,Estonian,11
2023-10-26,English,464896
2023-10-26,Spanish,9762
2023-10-26,Chinese,4242
2023-10-26,Portuguese,1590
2023-10-26,French,1588
2023-10-26,German,1277
2023-10-26,Russian,1229
2023-10-26,Japanese,993
2023-10-26,Korean,848
2023-10-26,Italian,671
2023-10-26,Arabic,553
2023-10-26,Turkish,455
2023-10-26,Vietnamese,409
2023-10-26,Dutch,407
2023-10-26,Indonesian,387
2023-10-26,Polish,341
2023-10-26,Greek,242
2023-10-26,Ukrainian,224
2023-10-26,Swedish,189
2023-10-26,Czech,183
2023-10-26,Thai,170
2023-10-26,Norwegian Bokmål,165
2023-10-26,Danish,154
2023-10-26,Persian,118
2023-10-26,(other),114
2023-10-26,Hungarian,112
2023-10-26,Romanian,108
2023-10-26,Hebrew,80
2023-10-26,Croatian,60
2023-10-26,Finnish,57
2023-10-26,Slovak,54
2023-10-26,Serbian,45
2023-10-26,Catalan,37
2023-10-26,Bulgarian,36
2023-10-26,Hindi,33
2023-10-26,Slovenian,29
2023-10-26,Lithuanian,20
2023-10-26,Latvian,13
2023-10-26,Estonian,11
2023-10-25,English,489114
2023-10-25,Spanish,10429
2023-10-25,Chinese,4516
2023-10-25,Portuguese,1718
2023-10-25,French,1684
2023-10-25,Russian,1279
2023-10-25,German,1221
2023-10-25,Japanese,1018
2023-10-25,Korean,900
2023-10-25,Italian,671
2023-10-25,Arabic,639
2023-10-25,Turkish,492
2023-10-25,Dutch,478
2023-10-25,Vietnamese,432
2023-10-25,Polish,368
2023-10-25,Indonesian,349
2023-10-25,(other),295
2023-10-25,Swedish,242
2023-10-25,Greek,217
2023-10-25,Thai,202
2023-10-25,Ukrainian,202
2023-10-25,Danish,151
2023-10-25,Czech,149
2023-10-25,Hungarian,136
2023-10-25,Norwegian Bokmål,134
2023-10-25,Persian,121
2023-10-25,Hebrew,100
2023-10-25,Romanian,98
2023-10-25,Finnish,66
2023-10-25,Croatian,58
2023-10-25,Slovak,58
2023-10-25,Catalan,47
2023-10-25,Serbian,45
2023-10-25,Hindi,40
2023-10-25,Bulgarian,36
2023-10-25,Lithuanian,30
2023-10-25,Slovenian,22
2023-10-25,Latvian,17
2023-10-25,Estonian,13
2023-10-25,Uzbek,12
2023-10-24,English,510608
2023-10-24,Spanish,11463
2023-10-24,Chinese,4272
2023-10-24,Portuguese,1842
2023-10-24,French,1731
2023-10-24,German,1314
2023-10-24,Russian,1172
2023-10-24,Japanese,1031
2023-10-24,Korean,974
2023-10-24,Italian,704
2023-10-24,Arabic,667
2023-10-24,Turkish,528
2023-10-24,Dutch,505
2023-10-24,Polish,383
2023-10-24,Vietnamese,357
2023-10-24,Indonesian,342
2023-10-24,Greek,228
2023-10-24,Swedish,218
2023-10-24,Thai,204
2023-10-24,Ukrainian,195
2023-10-24,Czech,169
2023-10-24,(other),168
2023-10-24,Hungarian,154
2023-10-24,Danish,144
2023-10-24,Persian,142
2023-10-24,Norwegian Bokmål,135
2023-10-24,Romanian,121
2023-10-24,Hebrew,94
2023-10-24,Finnish,84
2023-10-24,Croatian,71
2023-10-24,Catalan,69
2023-10-24,Slovak,69
2023-10-24,Serbian,43
2023-10-24,Slovenian,41
2023-10-24,Bulgarian,37
2023-10-24,Hindi,28
2023-10-24,Lithuanian,27
2023-10-24,Latvian,19
2023-10-24,Azerbaijani,13
2023-10-24,Uzbek,12
2023-10-23,English,507305
2023-10-23,Spanish,10811
2023-10-23,Chinese,5340
2023-10-23,Portuguese,1833
2023-10-23,French,1709
2023-10-23,German,1414
2023-10-23,Russian,1289
2023-10-23,Japanese,1081
2023-10-23,Korean,993
2023-10-23,Italian,719
2023-10-23,Arabic,622
2023-10-23,Turkish,519
2023-10-23,Dutch,511
2023-10-23,Polish,423
2023-10-23,Indonesian,406
2023-10-23,Vietnamese,363
2023-10-23,Greek,253
2023-10-23,Swedish,208
2023-10-23,Thai,171
2023-10-23,Ukrainian,162
2023-10-23,Czech,154
2023-10-23,Danish,147
2023-10-23,Norwegian Bokmål,144
2023-10-23,Persian,135
2023-10-23,Romanian,109
2023-10-23,(other),105
2023-10-23,Hungarian,105
2023-10-23,Finnish,93
2023-10-23,Hebrew,81
2023-10-23,Croatian,58
2023-10-23,Catalan,57
2023-10-23,Slovak,48
2023-10-23,Serbian,38
2023-10-23,Slovenian,34
2023-10-23,Hindi,32
2023-10-23,Lithuanian,32
2023-10-23,Bulgarian,31
2023-10-23,Latvian,15
2023-10-23,Albanian,13
2023-10-23,Malay,12
2023-10-22,English,298668
2023-10-22,Spanish,6822
2023-10-22,Chinese,4300
2023-10-22,French,1221
2023-10-22,German,1151
2023-10-22,Russian,971
2023-10-22,Portuguese,903
2023-10-22,Arabic,668
2023-10-22,Japanese,654
2023-10-22,Korean,654
2023-10-22,Italian,459
2023-10-22,Dutch,434
2023-10-22,Turkish,383
2023-10-22,Indonesian,343
2023-10-22,Vietnamese,331
2023-10-22,Polish,311
2023-10-22,Swedish,184
2023-10-22,Greek,142
2023-10-22,Norwegian Bokmål,136
2023-10-22,Persian,136
2023-10-22,Ukrainian,129
2023-10-22,Danish,126
2023-10-22,Thai,118
2023-10-22,Hungarian,114
2023-10-22,Czech,109
2023-10-22,Finnish,89
2023-10-22,Romanian,83
2023-10-22,Hebrew,82
2023-10-22,Croatian,54
2023-10-22,Slovak,53
2023-10-22,(other),51
2023-10-22,Slovenian,36
2023-10-22,Catalan,33
2023-10-22,Serbian,33
2023-10-22,Hindi,26
2023-10-22,Lithuanian,22
2023-10-22,Bulgarian,20
2023-10-22,Latvian,20
2023-10-22,Uzbek,14
2023-10-22,Albanian,13
2023-10-21,English,281175
2023-10-21,Spanish,6017
2023-10-21,Chinese,2348
2023-10-21,French,1134
2023-10-21,German,1057
2023-10-21,Russian,970
2023-10-21,Arabic,843
2023-10-21,Portuguese,746
2023-10-21,Dutch,452
2023-10-21,Korean,433
2023-10-21,Italian,410
2023-10-21,Japanese,374
2023-10-21,Turkish,300
2023-10-21,Polish,291
2023-10-21,Vietnamese,267
2023-10-21,Indonesian,263
2023-10-21,Swedish,185
2023-10-21,Greek,169
2023-10-21,Persian,138
2023-10-21,Norwegian Bokmål,119
2023-10-21,Ukrainian,113
2023-10-21,Danish,104
2023-10-21,Thai,102
2023-10-21,Czech,101
2023-10-21,Hungarian,99
2023-10-21,Finnish,93
2023-10-21,Hebrew,69
2023-10-21,Romanian,64
2023-10-21,(other),57
2023-10-21,Croatian,46
2023-10-21,Hindi,42
2023-10-21,Slovak,39
2023-10-21,Catalan,36
2023-10-21,Serbian,35
2023-10-21,Bulgarian,32
2023-10-21,Slovenian,29
2023-10-21,Lithuanian,22
2023-10-21,Latvian,12
2023-10-20,English,445966
2023-10-20,Spanish,8714
2023-10-20,Chinese,3029
2023-10-20,French,1557
2023-10-20,Portuguese,1446
2023-10-20,German,1207
2023-10-20,Russian,1135
2023-10-20,Japanese,661
2023-10-20,Arabic,643
2023-10-20,Korean,630
2023-10-20,Italian,619
2023-10-20,Dutch,482
2023-10-20,Turkish,427
2023-10-20,Polish,330
2023-10-20,Vietnamese,290
2023-10-20,Indonesian,277
2023-10-20,Greek,218
2023-10-20,Swedish,211
2023-10-20,Ukrainian,145
2023-10-20,Thai,140
2023-10-20,Czech,132
2023-10-20,Persian,128
2023-10-20,Danish,124
2023-10-20,Norwegian Bokmål,120
2023-10-20,Hungarian,98
2023-10-20,Romanian,82
2023-10-20,(other),68
2023-10-20,Finnish,66
2023-10-20,Slovak,57
2023-10-20,Croatian,54
2023-10-20,Catalan,48
2023-10-20,Hebrew,38
2023-10-20,Serbian,35
2023-10-20,Bulgarian,30
2023-10-20,Hindi,27
2023-10-20,Slovenian,23
2023-10-20,Lithuanian,19
2023-10-20,Latvian,12
2023-10-20,Uzbek,12
2023-10-20,Georgian,11
2023-10-19,English,481792
2023-10-19,Spanish,10468
2023-10-19,Chinese,3770
2023-10-19,Portuguese,1657
2023-10-19,French,1583
2023-10-19,Russian,1288
2023-10-19,German,1256
2023-10-19,Japanese,1018
2023-10-19,Korean,911
2023-10-19,Italian,690
2023-10-19,Turkish,490
2023-10-19,Arabic,489
2023-10-19,Dutch,474
2023-10-19,Polish,410
2023-10-19,Indonesian,382
2023-10-19,Vietnamese,355
2023-10-19,Greek,215
2023-10-19,Thai,195
2023-10-19,Swedish,193
2023-10-19,Czech,164
2023-10-19,Norwegian Bokmål,136
2023-10-19,Danish,131
2023-10-19,Persian,125
2023-10-19,Ukrainian,117
2023-10-19,Hungarian,105
2023-10-19,Romanian,92
2023-10-19,Hebrew,84
2023-10-19,(other),81
2023-10-19,Slovak,67
2023-10-19,Finnish,66
2023-10-19,Catalan,64
2023-10-19,Croatian,55
2023-10-19,Serbian,48
2023-10-19,Slovenian,35
2023-10-19,Hindi,33
2023-10-19,Lithuanian,27
2023-10-19,Bulgarian,25
2023-10-19,Latvian,21
2023-10-19,Estonian,11
2023-10-18,English,486644
2023-10-18,Spanish,10717
2023-10-18,Chinese,5021
2023-10-18,Portuguese,1699
2023-10-18,French,1676
2023-10-18,German,1339
2023-10-18,Russian,1309
2023-10-18,Japanese,1066
2023-10-18,Korean,909
2023-10-18,Italian,681
2023-10-18,Arabic,547
2023-10-18,Dutch,532
2023-10-18,Turkish,501
2023-10-18,Vietnamese,444
2023-10-18,Polish,391
2023-10-18,Indonesian,371
2023-10-18,Greek,297
2023-10-18,Swedish,247
2023-10-18,Thai,235
2023-10-18,Czech,192
2023-10-18,Ukrainian,153
2023-10-18,Danish,146
2023-10-18,(other),136
2023-10-18,Norwegian Bokmål,122
2023-10-18,Persian,111
2023-10-18,Hungarian,103
2023-10-18,Finnish,96
2023-10-18,Romanian,96
2023-10-18,Croatian,71
2023-10-18,Hebrew,67
2023-10-18,Catalan,62
2023-10-18,Slovak,61
2023-10-18,Bulgarian,44
2023-10-18,Serbian,38
2023-10-18,Hindi,36
2023-10-18,Lithuanian,30
2023-10-18,Slovenian,26
2023-10-18,Latvian,14
2023-10-17,English,507570
2023-10-17,Spanish,10915
2023-10-17,Chinese,5440
2023-10-17,Portuguese,1916
2023-10-17,French,1755
2023-10-17,German,1356
2023-10-17,Russian,1319
2023-10-17,Japanese,1104
2023-10-17,Korean,998
2023-10-17,Italian,749
2023-10-17,Dutch,572
2023-10-17,Arabic,527
2023-10-17,Turkish,496
2023-10-17,Indonesian,399
2023-10-17,Vietnamese,398
2023-10-17,Polish,381
2023-10-17,Greek,253
2023-10-17,Swedish,236
2023-10-17,Thai,235
2023-10-17,Ukrainian,180
2023-10-17,Czech,170
2023-10-17,Persian,160
2023-10-17,(other),141
2023-10-17,Hungarian,136
2023-10-17,Danish,127
2023-10-17,Norwegian Bokmål,122
2023-10-17,Catalan,105
2023-10-17,Romanian,105
2023-10-17,Finnish,96
2023-10-17,Hebrew,67
2023-10-17,Croatian,57
2023-10-17,Slovak,54
2023-10-17,Serbian,48
2023-10-17,Bulgarian,43
2023-10-17,Hindi,38
2023-10-17,Lithuanian,36
2023-10-17,Slovenian,31
2023-10-17,Latvian,23
2023-10-16,English,518959
2023-10-16,Spanish,10320
2023-10-16,Chinese,5064
2023-10-16,Portuguese,2028
2023-10-16,French,1738
2023-10-16,Russian,1431
2023-10-16,German,1391
2023-10-16,Japanese,1153
2023-10-16,Korean,990
2023-10-16,Italian,686
2023-10-16,Dutch,541
2023-10-16,Turkish,537
2023-10-16,Arabic,508
2023-10-16,Vietnamese,388
2023-10-16,Indonesian,379
2023-10-16,Polish,293
2023-10-16,Thai,235
2023-10-16,Swedish,226
2023-10-16,Greek,189
2023-10-16,Ukrainian,187
2023-10-16,Czech,169
2023-10-16,Hungarian,144
2023-10-16,Persian,140
2023-10-16,Norwegian Bokmål,136
2023-10-16,Danish,135
2023-10-16,(other),120
2023-10-16,Romanian,119
2023-10-16,Finnish,84
2023-10-16,Hebrew,64
2023-10-16,Croatian,63
2023-10-16,Slovak,57
2023-10-16,Catalan,53
2023-10-16,Bulgarian,50
2023-10-16,Slovenian,35
2023-10-16,Serbian,33
2023-10-16,Hindi,29
2023-10-16,Lithuanian,27
2023-10-16,Latvian,23
2023-10-16,Galician,15
2023-10-16,Estonian,13
2023-10-16,Georgian,12
2023-10-15,English,310969
2023-10-15,Spanish,6240
2023-10-15,Chinese,3074
2023-10-15,German,1192
2023-10-15,French,1158
2023-10-15,Russian,1048
2023-10-15,Portuguese,974
2023-10-15,Korean,683
2023-10-15,Japanese,613
2023-10-15,Arabic,561
2023-10-15,Dutch,438
2023-10-15,Turkish,420
2023-10-15,Italian,404
2023-10-15,Indonesian,347
2023-10-15,Vietnamese,294
2023-10-15,Polish,247
2023-10-15,Thai,178
2023-10-15,Swedish,174
2023-10-15,Greek,144
2023-10-15,Persian,137
2023-10-15,Norwegian Bokmål,122
2023-10-15,Ukrainian,118
2023-10-15,(other),117
2023-10-15,Hungarian,115
2023-10-15,Czech,105
2023-10-15,Danish,96
2023-10-15,Romanian,88
2023-10-15,Finnish,75
2023-10-15,Hebrew,75
2023-10-15,Croatian,51
2023-10-15,Slovak,45
2023-10-15,Hindi,41
2023-10-15,Catalan,38
2023-10-15,Bulgarian,37
2023-10-15,Serbian,36
2023-10-15,Slovenian,34
2023-10-15,Lithuanian,23
2023-10-15,Latvian,13
2023-10-14,English,290423
2023-10-14,Spanish,5812
2023-10-14,Chinese,2362
2023-10-14,French,1121
2023-10-14,Russian,1011
2023-10-14,German,982
2023-10-14,Portuguese,758
2023-10-14,Arabic,558
2023-10-14,Italian,433
2023-10-14,Japanese,419
2023-10-14,Dutch,386
2023-10-14,Korean,381
2023-10-14,Turkish,333
2023-10-14,Vietnamese,290
2023-10-14,Indonesian,279
2023-10-14,Polish,274
2023-10-14,Swedish,161
2023-10-14,Greek,156
2023-10-14,Thai,143
2023-10-14,Persian,142
2023-10-14,Czech,120
2023-10-14,Ukrainian,110
2023-10-14,Norwegian Bokmål,102
2023-10-14,(other),97
2023-10-14,Danish,87
2023-10-14,Romanian,80
2023-10-14,Hungarian,77
2023-10-14,Finnish,59
2023-10-14,Slovak,50
2023-10-14,Croatian,41
2023-10-14,Bulgarian,38
2023-10-14,Hebrew,38
2023-10-14,Catalan,29
2023-10-14,Hindi,29
2023-10-14,Lithuanian,26
2023-10-14,Serbian,25
2023-10-14,Slovenian,19
2023-10-13,English,447846
2023-10-13,Spanish,8758
2023-10-13,Chinese,4006
2023-10-13,French,1675
2023-10-13,German,1421
2023-10-13,Portuguese,1357
2023-10-13,Russian,1282
2023-10-13,Japanese,731
2023-10-13,Italian,641
2023-10-13,Korean,606
2023-10-13,Arabic,518
2023-10-13,Dutch,470
2023-10-13,Turkish,452
2023-10-13,Vietnamese,336
2023-10-13,Polish,314
2023-10-13,Indonesian,310
2023-10-13,Swedish,238
2023-10-13,Greek,189
2023-10-13,Danish,177
2023-10-13,Ukrainian,153
2023-10-13,Czech,140
2023-10-13,Persian,136
2023-10-13,Norwegian Bokmål,131
2023-10-13,Finnish,125
2023-10-13,Hungarian,114
2023-10-13,Thai,109
2023-10-13,(other),97
2023-10-13,Romanian,82
2023-10-13,Croatian,51
2023-10-13,Bulgarian,50
2023-10-13,Slovak,47
2023-10-13,Hebrew,46
2023-10-13,Catalan,43
2023-10-13,Hindi,39
2023-10-13,Lithuanian,36
2023-10-13,Slovenian,32
2023-10-13,Serbian,26
2023-10-13,Estonian,11
2023-10-12,English,523530
2023-10-12,Spanish,9935
2023-10-12,Chinese,5072
2023-10-12,French,1869
2023-10-12,German,1512
2023-10-12,Russian,1466
2023-10-12,Portuguese,1338
2023-10-12,Japanese,1220
2023-10-12,Korean,1012
2023-10-12,Italian,842
2023-10-12,Dutch,578
2023-10-12,Turkish,539
2023-10-12,Arabic,488
2023-10-12,Vietnamese,416
2023-10-12,Polish,381
2023-10-12,Indonesian,379
2023-10-12,Greek,261
2023-10-12,Swedish,212
2023-10-12,Thai,188
2023-10-12,Danish,161
2023-10-12,Norwegian Bokmål,156
2023-10-12,Ukrainian,150
2023-10-12,Czech,148
2023-10-12,(other),145
2023-10-12,Hungarian,139
2023-10-12,Persian,127
2023-10-12,Romanian,108
2023-10-12,Finnish,79
2023-10-12,Croatian,58
2023-10-12,Hebrew,58
2023-10-12,Slovak,58
2023-10-12,Hindi,44
2023-10-12,Bulgarian,43
2023-10-12,Serbian,34
2023-10-12,Slovenian,30
2023-10-12,Catalan,29
2023-10-12,Lithuanian,26
2023-10-12,Estonian,16
2023-10-12,Latvian,12
2023-10-12,Malay,12
2023-10-11,English,508711
2023-10-11,Spanish,10505
2023-10-11,Chinese,4403
2023-10-11,French,1873
2023-10-11,Portuguese,1466
2023-10-11,German,1448
2023-10-11,Russian,1335
2023-10-11,Japanese,1075
2023-10-11,Korean,922
2023-10-11,Italian,737
2023-10-11,Dutch,560
2023-10-11,Turkish,525
2023-10-11,Arabic,502
2023-10-11,Indonesian,425
2023-10-11,Vietnamese,388
2023-10-11,Polish,328
2023-10-11,Swedish,236
2023-10-11,Thai,224
2023-10-11,Greek,223
2023-10-11,Danish,191
2023-10-11,Ukrainian,164
2023-10-11,Czech,159
2023-10-11,Norwegian Bokmål,150
2023-10-11,Romanian,132
2023-10-11,Hungarian,125
2023-10-11,Persian,119
2023-10-11,Finnish,105
2023-10-11,Croatian,83
2023-10-11,(other),81
2023-10-11,Hebrew,76
2023-10-11,Catalan,55
2023-10-11,Slovak,55
2023-10-11,Hindi,44
2023-10-11,Lithuanian,42
2023-10-11,Bulgarian,34
2023-10-11,Slovenian,34
2023-10-11,Serbian,31
2023-10-11,Latvian,14
2023-10-10,English,514394
2023-10-10,Spanish,10630
2023-10-10,Chinese,3944
2023-10-10,Portuguese,1848
2023-10-10,French,1746
2023-10-10,German,1418
2023-10-10,Russian,1404
2023-10-10,Japanese,1074
2023-10-10,Korean,967
2023-10-10,Italian,653
2023-10-10,Arabic,615
2023-10-10,Dutch,540
2023-10-10,Turkish,521
2023-10-10,Vietnamese,439
2023-10-10,Indonesian,424
2023-10-10,Polish,304
2023-10-10,Thai,250
2023-10-10,Swedish,201
2023-10-10,Greek,193
2023-10-10,Czech,178
2023-10-10,Norwegian Bokmål,169
2023-10-10,Ukrainian,162
2023-10-10,Danish,149
2023-10-10,Hungarian,132
2023-10-10,Persian,126
2023-10-10,Romanian,123
2023-10-10,Finnish,84
2023-10-10,Croatian,64
2023-10-10,Catalan,57
2023-10-10,Hebrew,49
2023-10-10,(other),48
2023-10-10,Bulgarian,44
2023-10-10,Slovak,43
2023-10-10,Lithuanian,37
2023-10-10,Slovenian,37
2023-10-10,Hindi,29
2023-10-10,Latvian,27
2023-10-10,Serbian,27
2023-10-10,Estonian,18
2023-10-09,English,431813
2023-10-09,Spanish,9519
2023-10-09,Chinese,3819
2023-10-09,Portuguese,1808
2023-10-09,French,1646
2023-10-09,German,1367
2023-10-09,Russian,1237
2023-10-09,Japanese,782
2023-10-09,Korean,699
2023-10-09,Italian,677
2023-10-09,Arabic,578
2023-10-09,Dutch,532
2023-10-09,Turkish,465
2023-10-09,Vietnamese,383
2023-10-09,Indonesian,351
2023-10-09,Polish,321
2023-10-09,Thai,258
2023-10-09,Swedish,255
2023-10-09,Greek,219
2023-10-09,Danish,174
2023-10-09,Norwegian Bokmål,140
2023-10-09,Ukrainian,139
2023-10-09,Hungarian,127
2023-10-09,Persian,109
2023-10-09,Czech,102
2023-10-09,Finnish,101
2023-10-09,Romanian,81
2023-10-09,Croatian,69
2023-10-09,Slovak,59
2023-10-09,(other),44
2023-10-09,Hebrew,44
2023-10-09,Catalan,42
2023-10-09,Slovenian,41
2023-10-09,Lithuanian,34
2023-10-09,Bulgarian,29
2023-10-09,Serbian,28
2023-10-09,Hindi,27
2023-10-09,Estonian,21
2023-10-09,Latvian,16
2023-10-08,English,326016
2023-10-08,Spanish,5959
2023-10-08,Chinese,4772
2023-10-08,German,1114
2023-10-08,French,1112
2023-10-08,Portuguese,922
2023-10-08,Russian,841
2023-10-08,Arabic,653
2023-10-08,Dutch,470
2023-10-08,Japanese,398
2023-10-08,Korean,382
2023-10-08,Italian,380
2023-10-08,Indonesian,321
2023-10-08,Vietnamese,317
2023-10-08,Polish,308
2023-10-08,Turkish,294
2023-10-08,Thai,174
2023-10-08,Swedish,145
2023-10-08,Norwegian Bokmål,130
2023-10-08,Greek,124
2023-10-08,Czech,118
2023-10-08,Persian,113
2023-10-08,Hungarian,101
2023-10-08,Ukrainian,97
2023-10-08,Croatian,90
2023-10-08,Romanian,90
2023-10-08,Danish,88
2023-10-08,Finnish,58
2023-10-08,Slovak,44
2023-10-08,Hebrew,43
2023-10-08,Bulgarian,36
2023-10-08,Serbian,35
2023-10-08,Hindi,33
2023-10-08,(other),31
2023-10-08,Catalan,31
2023-10-08,Lithuanian,22
2023-10-08,Latvian,21
2023-10-08,Slovenian,17
2023-10-08,Bengali,12
2023-10-07,English,308046
2023-10-07,Spanish,5757
2023-10-07,Chinese,4089
2023-10-07,French,1147
2023-10-07,German,1015
2023-10-07,Russian,869
2023-10-07,Portuguese,823
2023-10-07,Arabic,552
2023-10-07,Dutch,390
2023-10-07,Italian,388
2023-10-07,Korean,354
2023-10-07,Japanese,341
2023-10-07,Turkish,284
2023-10-07,Vietnamese,254
2023-10-07,Indonesian,239
2023-10-07,Polish,227
2023-10-07,Persian,140
2023-10-07,Greek,134
2023-10-07,Thai,134
2023-10-07,Swedish,127
2023-10-07,Czech,108
2023-10-07,Norwegian Bokmål,107
2023-10-07,Danish,106
2023-10-07,Ukrainian,101
2023-10-07,Hungarian,76
2023-10-07,Romanian,56
2023-10-07,Finnish,52
2023-10-07,Hebrew,50
2023-10-07,Croatian,44
2023-10-07,Slovak,42
2023-10-07,Bulgarian,37
2023-10-07,(other),28
2023-10-07,Catalan,28
2023-10-07,Serbian,28
2023-10-07,Hindi,23
2023-10-07,Slovenian,21
2023-10-07,Lithuanian,17