date,mobile_device,visits
2024-01-04,Chrome,311163
2024-01-04,iPhone,211038
2024-01-04,,99487
2024-01-04,Edge,67301
2024-01-04,Safari,55691
2024-01-04,ChromeBook,15284
2024-01-04,Firefox,12855
2024-01-04,(other),4526
2024-01-04,iPad,2940
2024-01-03,Chrome,420785
2024-01-03,iPhone,240112
2024-01-03,Edge,79919
2024-01-03,Safari,66302
2024-01-03,ChromeBook,16107
2024-01-03,(not set),13173
2024-01-03,Firefox,13045
2024-01-03,SM-A146U,5378
2024-01-03,SM-S918U,4678
2024-01-03,SM-S908U,4100
2024-01-03,iPad,3593
2024-01-03,SM-S901U,2891
2024-01-03,SM-S911U,2294
2024-01-03,SM-G991U,2176
2024-01-03,SM-G998U,2075
2024-01-03,SM-A037U,1911
2024-01-03,SM-A136U,1664
2024-01-03,SM-S916U,1547
2024-01-03,SM-S906U,1538
2024-01-03,moto g play (2023),1440
2024-01-03,Pixel 7,1436
2024-01-03,moto g pure,1372
2024-01-03,Opera,1277
2024-01-03,SM-A326B,1188
2024-01-03,Pixel 6a,1124
2024-01-03,Pixel 7 Pro,1121
2024-01-03,SM-G996U,1110
2024-01-03,Firefox for Android,1102
2024-01-03,Pixel 6,1085
2024-01-03,Moto G 5G (2022),1035
2024-01-03,SM-G781U,1018
2024-01-02,Chrome,389430
2024-01-02,iPhone,234116
2024-01-02,Edge,71651
2024-01-02,Safari,60709
2024-01-02,Firefox,15467
2024-01-02,(not set),12390
2024-01-02,ChromeBook,11221
2024-01-02,SM-A146U,5375
2024-01-02,SM-S918U,4219
2024-01-02,SM-S908U,3871
2024-01-02,iPad,3501
2024-01-02,SM-S901U,2710
2024-01-02,SM-S911U,2184
2024-01-02,SM-G991U,1978
2024-01-02,SM-A037U,1828
2024-01-02,SM-G998U,1764
2024-01-02,SM-A136U,1670
2024-01-02,SM-S906U,1471
2024-01-02,SM-S916U,1442
2024-01-02,moto g play (2023),1426
2024-01-02,moto g pure,1317
2024-01-02,Pixel 7,1298
2024-01-02,Opera,1188
2024-01-02,SM-A326B,1157
2024-01-02,Firefox for Android,1101
2024-01-02,Pixel 6a,1078
2024-01-02,SM-A546U,1051
2024-01-02,Moto G 5G (2022),1049
2024-01-02,moto g 5G - 2023,1028
2024-01-01,iPhone,192591
2024-01-01,Chrome,137160
2024-01-01,Safari,30819
2024-01-01,Edge,15854
2024-01-01,Firefox,7896
2024-01-01,(not set),6515
2024-01-01,ChromeBook,4012
2024-01-01,SM-A146U,3784
2024-01-01,SM-S918U,3439
2024-01-01,SM-S908U,3074
2024-01-01,iPad,3019
2024-01-01,SM-S901U,2384
2024-01-01,SM-S911U,1828
2024-01-01,SM-G991U,1784
2024-01-01,Internet Explorer,1676
2024-01-01,SM-A037U,1525
2024-01-01,SM-G998U,1520
2024-01-01,SM-A136U,1359
2024-01-01,moto g pure,1242
2024-01-01,SM-S916U,1215
2024-01-01,SM-S906U,1190
2024-01-01,moto g play (2023),1051
2024-01-01,Pixel 7,1022
2023-12-31,iPhone,166893
2023-12-31,Chrome,80414
2023-12-31,Safari,26476
2023-12-31,Edge,13036
2023-12-31,(not set),5645
2023-12-31,Firefox,3999
2023-12-31,SM-A146U,3059
2023-12-31,ChromeBook,2953
2023-12-31,SM-S918U,2887
2023-12-31,SM-S908U,2815
2023-12-31,iPad,2543
2023-12-31,SM-S901U,2039
2023-12-31,SM-S911U,1668
2023-12-31,SM-G991U,1535
2023-12-31,SM-G998U,1404
2023-12-31,SM-A037U,1256
2023-12-31,SM-S916U,1129
2023-12-31,SM-S906U,1055
2023-12-31,moto g pure,1052
2023-12-31,SM-A136U,1012
2023-12-30,iPhone,193453
2023-12-30,Chrome,92835
2023-12-30,Safari,30160
2023-12-30,Edge,15975
2023-12-30,Firefox,7310
2023-12-30,(not set),6260
2023-12-30,SM-A146U,3746
2023-12-30,SM-S918U,3463
2023-12-30,SM-S908U,3395
2023-12-30,ChromeBook,3209
2023-12-30,iPad,3073
2023-12-30,SM-S901U,2483
2023-12-30,SM-G991U,1964
2023-12-30,SM-S911U,1880
2023-12-30,SM-G998U,1610
2023-12-30,SM-A037U,1423
2023-12-30,SM-S916U,1358
2023-12-30,SM-S906U,1319
2023-12-30,SM-A136U,1306
2023-12-30,moto g pure,1188
2023-12-30,Pixel 7,1099
2023-12-29,Chrome,270615
2023-12-29,iPhone,207417
2023-12-29,Edge,43884
2023-12-29,Safari,41203
2023-12-29,(not set),8938
2023-12-29,Firefox,8117
2023-12-29,SM-A146U,4241
2023-12-29,ChromeBook,4059
2023-12-29,SM-S918U,3913
2023-12-29,SM-S908U,3628
2023-12-29,iPad,3124
2023-12-29,SM-S901U,2631
2023-12-29,SM-G991U,2073
2023-12-29,SM-S911U,2046
2023-12-29,SM-G998U,1761
2023-12-29,SM-A037U,1536
2023-12-29,SM-A136U,1394
2023-12-29,SM-S916U,1378
2023-12-29,SM-S906U,1335
2023-12-29,Pixel 7,1268
2023-12-29,moto g pure,1268
2023-12-29,moto g play (2023),1238
2023-12-29,SM-A326B,1045
2023-12-29,Firefox for Android,1040
2023-12-29,Pixel 6a,1034
2023-12-29,SM-G996U,1012
2023-12-29,Pixel 7 Pro,1006
2023-12-28,Chrome,358958
2023-12-28,iPhone,226426
2023-12-28,Edge,55343
2023-12-28,Safari,45420
2023-12-28,(not set),10237
2023-12-28,Firefox,9415
2023-12-28,SM-A146U,4611
2023-12-28,ChromeBook,4258
2023-12-28,SM-S908U,4061
2023-12-28,SM-S918U,4002
2023-12-28,iPad,3147
2023-12-28,SM-S901U,2751
2023-12-28,SM-S911U,2224
2023-12-28,SM-G991U,2140
2023-12-28,SM-G998U,1897
2023-12-28,SM-A037U,1703
2023-12-28,SM-A136U,1539
2023-12-28,SM-S916U,1437
2023-12-28,SM-S906U,1404
2023-12-28,moto g pure,1307
2023-12-28,Pixel 7,1272
2023-12-28,moto g play (2023),1243
2023-12-28,SM-G996U,1081
2023-12-28,SM-A326B,1075
2023-12-28,Pixel 6,1066
2023-12-28,Pixel 6a,1065
2023-12-28,Firefox for Android,1023
2023-12-28,Pixel 7 Pro,1002
2023-12-27,Chrome,345054
2023-12-27,iPhone,218407
2023-12-27,Edge,57953
2023-12-27,Safari,45688
2023-12-27,(not set),10327
2023-12-27,Firefox,9712
2023-12-27,SM-A146U,4623
2023-12-27,ChromeBook,4224
2023-12-27,SM-S918U,4010
2023-12-27,SM-S908U,3816
2023-12-27,iPad,3186
2023-12-27,SM-S901U,2771
2023-12-27,SM-S911U,2153
2023-12-27,SM-G991U,2079
2023-12-27,SM-G998U,1896
2023-12-27,SM-A037U,1635
2023-12-27,SM-A136U,1550
2023-12-27,SM-S916U,1398
2023-12-27,SM-S906U,1351
2023-12-27,moto g pure,1281
2023-12-27,moto g play (2023),1212
2023-12-27,Pixel 7,1196
2023-12-27,SM-A326B,1121
2023-12-27,Firefox for Android,1118
2023-12-27,Pixel 6a,1042
2023-12-27,Pixel 7 Pro,1019
2023-12-27,Pixel 6,1015
2023-12-26,Chrome,269668
2023-12-26,iPhone,205169
2023-12-26,Edge,42972
2023-12-26,Safari,41663
2023-12-26,(not set),9231
2023-12-26,Firefox,9190
2023-12-26,SM-A146U,4383
2023-12-26,SM-S918U,3786
2023-12-26,ChromeBook,3686
2023-12-26,SM-S908U,3660
2023-12-26,iPad,2961
2023-12-26,SM-S901U,2456
2023-12-26,SM-G991U,1917
2023-12-26,SM-S911U,1912
2023-12-26,SM-G998U,1633
2023-12-26,SM-A037U,1619
2023-12-26,SM-A136U,1441
2023-12-26,SM-S916U,1345
2023-12-26,moto g play (2023),1273
2023-12-26,moto g pure,1254
2023-12-26,SM-S906U,1245
2023-12-26,Pixel 7,1075
2023-12-26,SM-A326B,1041
2023-12-26,Opera,1016
2023-12-25,iPhone,156724
2023-12-25,Chrome,105152
2023-12-25,Safari,20496
2023-12-25,Edge,11293
2023-12-25,(not set),5219
2023-12-25,Firefox,3895
2023-12-25,SM-A146U,3406
2023-12-25,SM-S918U,2908
2023-12-25,SM-S908U,2687
2023-12-25,ChromeBook,2364
2023-12-25,iPad,2205
2023-12-25,SM-S901U,1913
2023-12-25,Internet Explorer,1877
2023-12-25,SM-S911U,1475
2023-12-25,SM-G991U,1464
2023-12-25,SM-A037U,1269
2023-12-25,SM-G998U,1248
2023-12-25,SM-A136U,1125
2023-12-24,iPhone,157720
2023-12-24,Chrome,119814
2023-12-24,Safari,21213
2023-12-24,Edge,11898
2023-12-24,Firefox,6093
2023-12-24,(not set),5285
2023-12-24,SM-A146U,3040
2023-12-24,SM-S918U,2920
2023-12-24,SM-S908U,2802
2023-12-24,ChromeBook,2446
2023-12-24,iPad,2441
2023-12-24,SM-S901U,2016
2023-12-24,SM-S911U,1520
2023-12-24,SM-G991U,1510
2023-12-24,SM-G998U,1358
2023-12-24,SM-A037U,1215
2023-12-24,SM-S906U,1103
2023-12-24,SM-A136U,1085
2023-12-24,SM-S916U,1054
2023-12-24,moto g pure,1050
2023-12-23,iPhone,187805
2023-12-23,Chrome,164763
2023-12-23,Safari,27577
2023-12-23,Edge,14921
2023-12-23,(not set),6022
2023-12-23,Firefox,5101
2023-12-23,SM-A146U,3596
2023-12-23,SM-S918U,3369
2023-12-23,SM-S908U,3359
2023-12-23,iPad,2873
2023-12-23,ChromeBook,2835
2023-12-23,SM-S901U,2384
2023-12-23,SM-S911U,1819
2023-12-23,SM-G991U,1791
2023-12-23,SM-G998U,1621
2023-12-23,SM-A037U,1421
2023-12-23,SM-A136U,1319
2023-12-23,SM-S916U,1290
2023-12-23,SM-S906U,1252
2023-12-23,moto g pure,1185
2023-12-23,Pixel 7,1062
2023-12-23,moto g play (2023),1051
2023-12-23,SM-A326B,1020
2023-12-22,Chrome,340241
2023-12-22,iPhone,219884
2023-12-22,Edge,47930
2023-12-22,Safari,46408
2023-12-22,(not set),11286
2023-12-22,Firefox,9022
2023-12-22,ChromeBook,6115
2023-12-22,SM-A146U,4099
2023-12-22,SM-S918U,3894
2023-12-22,SM-S908U,3840
2023-12-22,iPad,3397
2023-12-22,SM-S901U,2807
2023-12-22,SM-S911U,2143
2023-12-22,SM-G991U,2092
2023-12-22,SM-G998U,1922
2023-12-22,SM-A037U,1595
2023-12-22,SM-A136U,1553
2023-12-22,SM-S906U,1465
2023-12-22,Pixel 7,1456
2023-12-22,SM-S916U,1451
2023-12-22,moto g pure,1330
2023-12-22,SM-A326B,1167
2023-12-22,Pixel 6a,1145
2023-12-22,Pixel 7 Pro,1091
2023-12-22,Pixel 6,1089
2023-12-22,moto g play (2023),1086
2023-12-22,Firefox for Android,1084
2023-12-22,SM-G996U,1078
2023-12-22,Opera,1021
2023-12-22,SM-G781U,1007
2023-12-21,Chrome,397069
2023-12-21,iPhone,224493
2023-12-21,Edge,65795
2023-12-21,Safari,55879
2023-12-21,ChromeBook,11166
2023-12-21,Firefox,10983
2023-12-21,(not set),10579
2023-12-21,SM-A146U,4194
2023-12-21,SM-S908U,3793
2023-12-21,SM-S918U,3785
2023-12-21,iPad,3702
2023-12-21,SM-S901U,2712
2023-12-21,SM-S911U,2051
2023-12-21,SM-G991U,2029
2023-12-21,SM-G998U,1887
2023-12-21,SM-A037U,1625
2023-12-21,SM-A136U,1514
2023-12-21,SM-S916U,1385
2023-12-21,SM-S906U,1361
2023-12-21,Pixel 7,1350
2023-12-21,moto g pure,1306
2023-12-21,moto g play (2023),1147
2023-12-21,Pixel 6a,1128
2023-12-21,Opera,1115
2023-12-21,SM-A326B,1113
2023-12-21,SM-G996U,1044
2023-12-21,Pixel 7 Pro,1040
2023-12-21,Pixel 6,1023
2023-12-21,Firefox for Android,1014
2023-12-20,Chrome,403215
2023-12-20,iPhone,230784
2023-12-20,Edge,74854
2023-12-20,Safari,63521
2023-12-20,ChromeBook,16009
2023-12-20,(not set),12428
2023-12-20,Firefox,12143
2023-12-20,SM-A146U,4519
2023-12-20,SM-S918U,3920
2023-12-20,SM-S908U,3783
2023-12-20,iPad,3401
2023-12-20,SM-S901U,2725
2023-12-20,SM-S911U,2119
2023-12-20,SM-G991U,2056
2023-12-20,SM-G998U,1844
2023-12-20,SM-A037U,1635
2023-12-20,SM-A136U,1627
2023-12-20,SM-S916U,1476
2023-12-20,Pixel 7,1425
2023-12-20,SM-S906U,1385
2023-12-20,moto g pure,1324
2023-12-20,moto g play (2023),1229
2023-12-20,Pixel 6a,1184
2023-12-20,Opera,1165
2023-12-20,SM-A326B,1149
2023-12-20,Pixel 7 Pro,1120
2023-12-20,Pixel 6,1076
2023-12-20,SM-G781U,1053
2023-12-20,SM-G996U,1011
2023-12-19,Chrome,395841
2023-12-19,iPhone,240945
2023-12-19,Edge,83543
2023-12-19,Safari,70411
2023-12-19,ChromeBook,20214
2023-12-19,(not set),12724
2023-12-19,Firefox,12716
2023-12-19,SM-A146U,4751
2023-12-19,SM-S918U,4161
2023-12-19,SM-S908U,3998
2023-12-19,iPad,3890
2023-12-19,SM-S901U,2955
2023-12-19,SM-G991U,2185
2023-12-19,SM-S911U,2135
2023-12-19,SM-G998U,2049
2023-12-19,SM-A037U,1748
2023-12-19,SM-A136U,1685
2023-12-19,Pixel 7,1614
2023-12-19,SM-S906U,1539
2023-12-19,SM-S916U,1508
2023-12-19,moto g pure,1396
2023-12-19,SM-A326B,1222
2023-12-19,moto g play (2023),1200
2023-12-19,Pixel 6a,1172
2023-12-19,Opera,1167
2023-12-19,Pixel 7 Pro,1155
2023-12-19,SM-G996U,1153
2023-12-19,Pixel 6,1142
2023-12-19,SM-G781U,1046
2023-12-19,Firefox for Android,1024
2023-12-19,Moto G 5G (2022),1018
2023-12-18,Chrome,401330
2023-12-18,iPhone,223536
2023-12-18,Edge,79423
2023-12-18,Safari,72445
2023-12-18,ChromeBook,22259
2023-12-18,Firefox,14134
2023-12-18,(not set),11888
2023-12-18,SM-A146U,4431
2023-12-18,SM-S918U,3912
2023-12-18,SM-S908U,3826
2023-12-18,iPad,3760
2023-12-18,SM-S901U,2642
2023-12-18,SM-S911U,2141
2023-12-18,SM-G991U,2061
2023-12-18,SM-G998U,1817
2023-12-18,SM-A037U,1806
2023-12-18,SM-A136U,1575
2023-12-18,SM-S906U,1456
2023-12-18,SM-S916U,1427
2023-12-18,Pixel 7,1360
2023-12-18,moto g pure,1353
2023-12-18,Opera,1235
2023-12-18,moto g play (2023),1176
2023-12-18,SM-A326B,1091
2023-12-18,Pixel 7 Pro,1057
2023-12-18,SM-G996U,1039
2023-12-18,Firefox for Android,1011
2023-12-17,iPhone,189023
2023-12-17,Chrome,134003
2023-12-17,Safari,43009
2023-12-17,Edge,19351
2023-12-17,ChromeBook,6886
2023-12-17,(not set),6127
2023-12-17,Firefox,5178
2023-12-17,SM-A146U,3666
2023-12-17,SM-S918U,3199
2023-12-17,iPad,3099
2023-12-17,SM-S908U,3042
2023-12-17,SM-S901U,2274
2023-12-17,SM-S911U,1754
2023-12-17,SM-G991U,1685
2023-12-17,SM-A037U,1517
2023-12-17,SM-G998U,1490
2023-12-17,SM-A136U,1252
2023-12-17,moto g pure,1245
2023-12-17,SM-S906U,1228
2023-12-17,SM-S916U,1188
2023-12-17,Opera,1091
2023-12-16,iPhone,214810
2023-12-16,Chrome,135503
2023-12-16,Safari,43935
2023-12-16,Edge,18535
2023-12-16,(not set),6331
2023-12-16,Firefox,5408
2023-12-16,ChromeBook,5206
2023-12-16,SM-A146U,3811
2023-12-16,iPad,3811
2023-12-16,SM-S918U,3733
2023-12-16,SM-S908U,3573
2023-12-16,SM-S901U,2916
2023-12-16,SM-G991U,2175
2023-12-16,SM-S911U,2100
2023-12-16,SM-G998U,1829
2023-12-16,SM-A037U,1592
2023-12-16,SM-A136U,1516
2023-12-16,SM-S906U,1466
2023-12-16,SM-S916U,1458
2023-12-16,moto g pure,1311
2023-12-16,Pixel 7,1240
2023-12-16,SM-A326B,1210
2023-12-16,Pixel 6a,1078
2023-12-16,moto g play (2023),1061
2023-12-16,SM-G996U,1052
2023-12-16,Pixel 6,1007
2023-12-15,Chrome,359540
2023-12-15,iPhone,297355
2023-12-15,Safari,84906
2023-12-15,Edge,68591
2023-12-15,ChromeBook,24654
2023-12-15,Firefox,12094
2023-12-15,(not set),11640
2023-12-15,iPad,5948
2023-12-15,SM-S908U,5425
2023-12-15,SM-S918U,5223
2023-12-15,SM-A146U,5022
2023-12-15,SM-S901U,4254
2023-12-15,SM-G991U,3565
2023-12-15,SM-S911U,3260
2023-12-15,SM-G998U,2707
2023-12-15,SM-S916U,2271
2023-12-15,SM-S906U,2183
2023-12-15,Pixel 7,2159
2023-12-15,SM-A037U,2001
2023-12-15,SM-A136U,1996
2023-12-15,SM-A326B,1821
2023-12-15,moto g pure,1671
2023-12-15,Pixel 7 Pro,1669
2023-12-15,Pixel 6a,1664
2023-12-15,SM-G996U,1632
2023-12-15,Pixel 6,1601
2023-12-15,SM-G781U,1567
2023-12-15,Opera,1344
2023-12-15,moto g play (2023),1311
2023-12-15,SM-G973U,1295
2023-12-15,SM-G970U,1268
2023-12-15,Firefox for Android,1230
2023-12-15,Moto G 5G (2022),1225
2023-12-15,SM-G781V,1225
2023-12-15,SM-N986U,1192
2023-12-15,SM-G960U,1168
2023-12-15,Moto G Stylus 5G,1145
2023-12-15,SM-S918U1,1092
2023-12-15,Moto G Stylus 5G (2022),1083
2023-12-15,SM-A037F,1082
2023-12-15,SM-G975U,1073
2023-12-15,SM-A546U,1058
2023-12-15,SM-A536U,1039
2023-12-15,Pixel 6 Pro,1026
2023-12-15,SM-G990U,1004
2023-12-15,SM-S908U1,1002
2023-12-14,Chrome,427411
2023-12-14,iPhone,249089
2023-12-14,Safari,87298
2023-12-14,Edge,81831
2023-12-14,ChromeBook,29478
2023-12-14,(not set),12999
2023-12-14,Firefox,12678
2023-12-14,SM-A146U,4742
2023-12-14,SM-S918U,4229
2023-12-14,SM-S908U,4184
2023-12-14,iPad,4170
2023-12-14,SM-S901U,3046
2023-12-14,SM-S911U,2315
2023-12-14,SM-G991U,2256
2023-12-14,SM-G998U,2069
2023-12-14,SM-A037U,1995
2023-12-14,SM-A136U,1790
2023-12-14,SM-S916U,1560
2023-12-14,Pixel 7,1556
2023-12-14,SM-S906U,1516
2023-12-14,Opera,1493
2023-12-14,moto g pure,1412
2023-12-14,Pixel 6a,1300
2023-12-14,SM-A326B,1237
2023-12-14,moto g play (2023),1205
2023-12-14,Pixel 7 Pro,1182
2023-12-14,SM-G996U,1138
2023-12-14,Pixel 6,1137
2023-12-14,Firefox for Android,1104
2023-12-14,Moto G 5G (2022),1067
2023-12-14,SM-G781U,1030
2023-12-14,SM-N986U,1016
2023-12-13,Chrome,360722
2023-12-13,iPhone,245597
2023-12-13,Safari,86156
2023-12-13,Edge,82699
2023-12-13,ChromeBook,31098
2023-12-13,Firefox,13283
2023-12-13,(not set),13112
2023-12-13,SM-A146U,4728
2023-12-13,SM-S908U,4080
2023-12-13,SM-S918U,4037
2023-12-13,iPad,4009
2023-12-13,SM-S901U,2883
2023-12-13,SM-G991U,2259
2023-12-13,SM-S911U,2179
2023-12-13,SM-G998U,2020
2023-12-13,SM-A037U,1894
2023-12-13,SM-A136U,1756
2023-12-13,SM-S916U,1511
2023-12-13,moto g pure,1511
2023-12-13,Pixel 7,1461
2023-12-13,SM-S906U,1460
2023-12-13,Opera,1445
2023-12-13,moto g play (2023),1276
2023-12-13,SM-A326B,1201
2023-12-13,Pixel 7 Pro,1161
2023-12-13,Moto G 5G (2022),1141
2023-12-13,SM-G996U,1135
2023-12-13,Pixel 6a,1114
2023-12-13,Pixel 6,1074
2023-12-13,SM-G781U,1018
2023-12-12,Chrome,368322
2023-12-12,iPhone,232890
2023-12-12,Safari,90763
2023-12-12,Edge,84117
2023-12-12,ChromeBook,33915
2023-12-12,Firefox,15445
2023-12-12,(not set),13167
2023-12-12,SM-A146U,5026
2023-12-12,SM-S918U,4010
2023-12-12,SM-S908U,3956
2023-12-12,iPad,3897
2023-12-12,SM-S901U,2707
2023-12-12,SM-S911U,2094
2023-12-12,SM-G991U,2090
2023-12-12,SM-A037U,1872
2023-12-12,SM-G998U,1863
2023-12-12,SM-A136U,1654
2023-12-12,SM-S916U,1487
2023-12-12,moto g pure,1439
2023-12-12,Pixel 7,1420
2023-12-12,SM-S906U,1375
2023-12-12,Opera,1323
2023-12-12,moto g play (2023),1255
2023-12-12,SM-A326B,1188
2023-12-12,Moto G 5G (2022),1069
2023-12-12,SM-G996U,1061
2023-12-12,Pixel 6a,1055
2023-12-12,Pixel 7 Pro,1027
2023-12-12,Pixel 6,1024
2023-12-11,Chrome,418861
2023-12-11,iPhone,226508
2023-12-11,Safari,94406
2023-12-11,Edge,84265
2023-12-11,ChromeBook,33823
2023-12-11,Firefox,13789
2023-12-11,(not set),12795
2023-12-11,SM-A146U,4728
2023-12-11,iPad,4107
2023-12-11,SM-S918U,3898
2023-12-11,SM-S908U,3685
2023-12-11,SM-S901U,2713
2023-12-11,SM-S911U,2218
2023-12-11,SM-G991U,2048
2023-12-11,SM-A037U,1935
2023-12-11,SM-G998U,1781
2023-12-11,SM-A136U,1688
2023-12-11,moto g pure,1541
2023-12-11,Pixel 7,1404
2023-12-11,SM-S916U,1391
2023-12-11,Opera,1342
2023-12-11,SM-S906U,1304
2023-12-11,moto g play (2023),1192
2023-12-11,SM-A326B,1183
2023-12-11,Pixel 6a,1084
2023-12-11,Moto G 5G (2022),1062
2023-12-11,Pixel 6,1031
2023-12-10,iPhone,187206
2023-12-10,Chrome,154038
2023-12-10,Safari,59856
2023-12-10,Edge,24074
2023-12-10,ChromeBook,9349
2023-12-10,(not set),6247
2023-12-10,Firefox,5437
2023-12-10,SM-A146U,3688
2023-12-10,iPad,3498
2023-12-10,SM-S908U,3205
2023-12-10,SM-S918U,3067
2023-12-10,SM-S901U,2276
2023-12-10,SM-S911U,1731
2023-12-10,SM-G991U,1726
2023-12-10,SM-A037U,1519
2023-12-10,SM-G998U,1514
2023-12-10,SM-A136U,1361
2023-12-10,Opera,1195
2023-12-10,SM-S916U,1190
2023-12-10,SM-S906U,1140
2023-12-10,moto g pure,1138
2023-12-10,moto g play (2023),1038
2023-12-10,SM-A326B,1021
2023-12-09,iPhone,192225
2023-12-09,Chrome,157006
2023-12-09,Safari,48737
2023-12-09,Edge,21193
2023-12-09,ChromeBook,6018
2023-12-09,(not set),5971
2023-12-09,Firefox,4986
2023-12-09,SM-A146U,3520
2023-12-09,iPad,3317
2023-12-09,SM-S918U,3197
2023-12-09,SM-S908U,3106
2023-12-09,SM-S901U,2282
2023-12-09,SM-S911U,1835
2023-12-09,SM-G991U,1741
2023-12-09,SM-G998U,1591
2023-12-09,SM-A037U,1582
2023-12-09,SM-A136U,1369
2023-12-09,moto g pure,1321
2023-12-09,SM-S916U,1197
2023-12-09,SM-S906U,1127
2023-12-09,Pixel 7,1125
2023-12-09,moto g play (2023),1030
2023-12-09,Opera,1022
2023-12-09,SM-A326B,1012
2023-12-08,Chrome,345832
2023-12-08,iPhone,222745
2023-12-08,Safari,80062
2023-12-08,Edge,68775
2023-12-08,ChromeBook,29544
2023-12-08,(not set),11551
2023-12-08,Firefox,10192
2023-12-08,SM-A146U,4323
2023-12-08,iPad,3784
2023-12-08,SM-S918U,3708
2023-12-08,SM-S908U,3689
2023-12-08,SM-S901U,2755
2023-12-08,SM-G991U,2082
2023-12-08,SM-S911U,2063
2023-12-08,SM-G998U,1870
2023-12-08,SM-A037U,1726
2023-12-08,SM-A136U,1564
2023-12-08,Pixel 7,1483
2023-12-08,moto g pure,1410
2023-12-08,SM-S916U,1395
2023-12-08,SM-S906U,1280
2023-12-08,Opera,1190
2023-12-08,SM-A326B,1156
2023-12-08,moto g play (2023),1120
2023-12-08,SM-G996U,1100
2023-12-08,Pixel 6,1060
2023-12-08,Pixel 7 Pro,1058
2023-12-08,Pixel 6a,1043
2023-12-08,Moto G 5G (2022),1030
2023-12-07,Chrome,411651
2023-12-07,iPhone,253057
2023-12-07,Safari,94187
2023-12-07,Edge,81318
2023-12-07,ChromeBook,36945
2023-12-07,Firefox,14656
2023-12-07,(not set),13324
2023-12-07,SM-A146U,4530
2023-12-07,iPad,4224
2023-12-07,SM-S908U,4183
2023-12-07,SM-S918U,4175
2023-12-07,SM-S901U,2898
2023-12-07,SM-G991U,2333
2023-12-07,SM-S911U,2105
2023-12-07,SM-G998U,1966
2023-12-07,SM-A037U,1940
2023-12-07,SM-A136U,1657
2023-12-07,Pixel 7,1600
2023-12-07,SM-S916U,1512
2023-12-07,moto g pure,1432
2023-12-07,Opera,1425
2023-12-07,SM-S906U,1410
2023-12-07,moto g play (2023),1288
2023-12-07,SM-A326B,1225
2023-12-07,Pixel 6a,1220
2023-12-07,Pixel 7 Pro,1213
2023-12-07,Pixel 6,1167
2023-12-07,SM-G996U,1109
2023-12-07,Moto G 5G (2022),1090
2023-12-07,SM-G781U,1049
2023-12-07,Firefox for Android,1044
2023-12-07,SM-S918U1,1006
2023-12-06,Chrome,447174
2023-12-06,iPhone,248368
2023-12-06,Safari,98314
2023-12-06,Edge,87379
2023-12-06,ChromeBook,36345
2023-12-06,(not set),13749
2023-12-06,Firefox,12088
2023-12-06,SM-A146U,4916
2023-12-06,iPad,4478
2023-12-06,SM-S918U,4171
2023-12-06,SM-S908U,4115
2023-12-06,SM-S901U,2807
2023-12-06,SM-G991U,2306
2023-12-06,SM-S911U,2263
2023-12-06,SM-G998U,2072
2023-12-06,SM-A037U,1996
2023-12-06,SM-A136U,1664
2023-12-06,Pixel 7,1655
2023-12-06,moto g pure,1543
2023-12-06,SM-S916U,1516
2023-12-06,SM-S906U,1515
2023-12-06,Opera,1437
2023-12-06,Pixel 6,1300
2023-12-06,moto g play (2023),1290
2023-12-06,SM-A326B,1277
2023-12-06,Pixel 6a,1251
2023-12-06,SM-G996U,1230
2023-12-06,Moto G 5G (2022),1196
2023-12-06,Pixel 7 Pro,1195
2023-12-06,SM-G781U,1112
2023-12-06,Firefox for Android,1040
2023-12-06,SM-A037F,1037
2023-12-05,Chrome,481176
2023-12-05,iPhone,256315
2023-12-05,Safari,105105
2023-12-05,Edge,89809
2023-12-05,ChromeBook,36506
2023-12-05,Internet Explorer,16311
2023-12-05,Firefox,14026
2023-12-05,(not set),13582
2023-12-05,SM-A146U,4873
2023-12-05,iPad,4635
2023-12-05,SM-S918U,4394
2023-12-05,SM-S908U,4306
2023-12-05,SM-S901U,3219
2023-12-05,SM-G991U,2418
2023-12-05,SM-S911U,2300
2023-12-05,SM-G998U,2164
2023-12-05,SM-A037U,1921
2023-12-05,Pixel 7,1761
2023-12-05,SM-A136U,1699
2023-12-05,SM-S906U,1631
2023-12-05,moto g pure,1628
2023-12-05,SM-S916U,1525
2023-12-05,Opera,1468
2023-12-05,Pixel 7 Pro,1431
2023-12-05,Pixel 6,1412
2023-12-05,Pixel 6a,1369
2023-12-05,moto g play (2023),1325
2023-12-05,SM-A326B,1258
2023-12-05,Firefox for Android,1249
2023-12-05,SM-G996U,1217
2023-12-05,Moto G 5G (2022),1136
2023-12-05,SM-G781U,1094
2023-12-05,SM-A037F,1057
2023-12-05,SM-S918U1,1016
2023-12-04,Chrome,374619
2023-12-04,iPhone,254274
2023-12-04,Safari,110472
2023-12-04,Edge,90290
2023-12-04,ChromeBook,36141
2023-12-04,Firefox,13289
2023-12-04,(not set),12902
2023-12-04,SM-A146U,4921
2023-12-04,iPad,4668
2023-12-04,SM-S908U,4589
2023-12-04,SM-S918U,4440
2023-12-04,SM-S901U,3237
2023-12-04,Pixel 6,2820
2023-12-04,Pixel 7,2691
2023-12-04,SM-G991U,2522
2023-12-04,Pixel 6a,2496
2023-12-04,Pixel 7 Pro,2384
2023-12-04,SM-S911U,2331
2023-12-04,SM-G998U,2186
2023-12-04,SM-A037U,2005
2023-12-04,Pixel 6 Pro,1964
2023-12-04,moto g pure,1806
2023-12-04,SM-A136U,1742
2023-12-04,SM-S906U,1729
2023-12-04,SM-S916U,1689
2023-12-04,Opera,1485
2023-12-04,Moto G 5G (2022),1474
2023-12-04,moto g play (2023),1375
2023-12-04,SM-A326B,1287
2023-12-04,SM-G996U,1230
2023-12-04,SM-G781U,1226
2023-12-04,Moto G Stylus 5G,1215
2023-12-04,Firefox for Android,1206
2023-12-04,Moto G Stylus 5G (2022),1177
2023-12-04,Moto G Power (2022),1114
2023-12-04,SM-S918U1,1081
2023-12-04,SM-A037F,1052
2023-12-04,SM-N986U,1022
2023-12-03,iPhone,193108
2023-12-03,Chrome,139919
2023-12-03,Safari,68780
2023-12-03,Edge,26152
2023-12-03,ChromeBook,9449
2023-12-03,Firefox,5788
2023-12-03,(not set),5747
2023-12-03,SM-A146U,3777
2023-12-03,iPad,3583
2023-12-03,SM-S918U,3299
2023-12-03,SM-S908U,3264
2023-12-03,SM-S901U,2351
2023-12-03,SM-S911U,1824
2023-12-03,SM-G991U,1676
2023-12-03,SM-A037U,1574
2023-12-03,SM-G998U,1519
2023-12-03,moto g pure,1279
2023-12-03,SM-A136U,1259
2023-12-03,SM-S906U,1217
2023-12-03,Opera,1182
2023-12-03,SM-S916U,1118
2023-12-03,Pixel 7,1053
2023-12-03,moto g play (2023),1009
2023-12-02,iPhone,210088
2023-12-02,Chrome,153920
2023-12-02,Safari,49160
2023-12-02,Edge,22845
2023-12-02,ChromeBook,6225
2023-12-02,Firefox,6196
2023-12-02,(not set),5824
2023-12-02,SM-A146U,3806
2023-12-02,SM-S908U,3581
2023-12-02,SM-S918U,3564
2023-12-02,iPad,3473
2023-12-02,SM-S901U,2557
2023-12-02,SM-G991U,1975
2023-12-02,SM-S911U,1888
2023-12-02,SM-G998U,1807
2023-12-02,SM-A037U,1644
2023-12-02,moto g pure,1376
2023-12-02,SM-A136U,1374
2023-12-02,SM-S906U,1315
2023-12-02,SM-S916U,1260
2023-12-02,Pixel 7,1141
2023-12-02,Opera,1137
2023-12-02,SM-A326B,1127
2023-12-02,Pixel 7 Pro,1046
2023-12-02,moto g play (2023),1041
2023-12-02,Pixel 6,1038
2023-12-02,Pixel 6a,1032
2023-12-02,SM-G996U,1009
2023-12-02,SM-A037F,1002
2023-12-01,Chrome,370878
2023-12-01,iPhone,267136
2023-12-01,Safari,87301
2023-12-01,Edge,71052
2023-12-01,ChromeBook,31572
2023-12-01,Firefox,13663
2023-12-01,(not set),11421
2023-12-01,SM-S918U,4726
2023-12-01,SM-S908U,4696
2023-12-01,SM-A146U,4551
2023-12-01,iPad,4510
2023-12-01,SM-S901U,3249
2023-12-01,SM-G991U,2620
2023-12-01,SM-S911U,2496
2023-12-01,SM-G998U,2295
2023-12-01,SM-A037U,1883
2023-12-01,SM-A136U,1768
2023-12-01,SM-S906U,1722
2023-12-01,Pixel 7,1688
2023-12-01,SM-S916U,1676
2023-12-01,moto g pure,1543
2023-12-01,Pixel 7 Pro,1347
2023-12-01,SM-G996U,1326
2023-12-01,SM-A326B,1325
2023-12-01,Pixel 6,1309
2023-12-01,Opera,1279
2023-12-01,SM-G781U,1235
2023-12-01,Pixel 6a,1233
2023-12-01,moto g play (2023),1233
2023-12-01,Firefox for Android,1145
2023-12-01,Moto G 5G (2022),1145
2023-12-01,SM-N986U,1078
2023-12-01,SM-A037F,1062
2023-11-30,Chrome,458161
2023-11-30,iPhone,267690
2023-11-30,Safari,102323
2023-11-30,Edge,85717
2023-11-30,ChromeBook,38763
2023-11-30,Firefox,14219
2023-11-30,(not set),12702
2023-11-30,SM-A146U,4673
2023-11-30,iPad,4488
2023-11-30,SM-S908U,4428
2023-11-30,SM-S918U,4204
2023-11-30,SM-S901U,3200
2023-11-30,SM-G991U,2444
2023-11-30,SM-S911U,2364
2023-11-30,SM-G998U,2156
2023-11-30,SM-A037U,1975
2023-11-30,SM-A136U,1824
2023-11-30,Pixel 7,1702
2023-11-30,moto g pure,1582
2023-11-30,SM-S916U,1523
2023-11-30,SM-S906U,1522
2023-11-30,Opera,1409
2023-11-30,Pixel 7 Pro,1358
2023-11-30,Pixel 6a,1337
2023-11-30,SM-A326B,1262
2023-11-30,Pixel 6,1259
2023-11-30,moto g play (2023),1197
2023-11-30,Moto G 5G (2022),1162
2023-11-30,SM-G996U,1153
2023-11-30,SM-G781U,1115
2023-11-30,Firefox for Android,1075
2023-11-30,SM-A037F,1067
2023-11-30,SM-N986U,1002
2023-11-30,SM-S918U1,1002
2023-11-29,Chrome,426215
2023-11-29,iPhone,284392
2023-11-29,Safari,104416
2023-11-29,Edge,87549
2023-11-29,ChromeBook,36289
2023-11-29,Firefox,15924
2023-11-29,(not set),13462
2023-11-29,SM-S908U,5273
2023-11-29,SM-A146U,4999
2023-11-29,SM-S918U,4643
2023-11-29,iPad,4554
2023-11-29,SM-S901U,3592
2023-11-29,Pixel 7,3479
2023-11-29,Pixel 6,3432
2023-11-29,Pixel 6a,3162
2023-11-29,Pixel 7 Pro,2900
2023-11-29,SM-G991U,2696
2023-11-29,Pixel 6 Pro,2563
2023-11-29,SM-S911U,2497
2023-11-29,SM-G998U,2397
2023-11-29,moto g pure,2040
2023-11-29,SM-A037U,1947
2023-11-29,SM-S906U,1902
2023-11-29,SM-A136U,1829
2023-11-29,SM-S916U,1765
2023-11-29,Moto G 5G (2022),1577
2023-11-29,SM-A326B,1475
2023-11-29,Opera,1442
2023-11-29,Firefox for Android,1375
2023-11-29,Moto G Stylus 5G,1374
2023-11-29,moto g play (2023),1355
2023-11-29,Moto G Stylus 5G (2022),1329
2023-11-29,SM-G996U,1317
2023-11-29,SM-S918U1,1289
2023-11-29,SM-G781U,1267
2023-11-29,Moto G Power (2021),1222
2023-11-29,Moto G Power (2022),1205
2023-11-29,SM-N986U,1184
2023-11-29,SM-S908U1,1135
2023-11-29,SM-A037F,1055
2023-11-29,iPhone 14 Pro Max,1037
2023-11-28,Chrome,404545
2023-11-28,iPhone,235350
2023-11-28,Safari,102053
2023-11-28,Edge,85618
2023-11-28,ChromeBook,34049
2023-11-28,Internet Explorer,18332
2023-11-28,Firefox,15049
2023-11-28,(not set),13023
2023-11-28,SM-A146U,4806
2023-11-28,SM-S908U,4076
2023-11-28,iPad,4034
2023-11-28,SM-S918U,3897
2023-11-28,SM-S901U,2806
2023-11-28,SM-G991U,2076
2023-11-28,SM-G998U,2013
2023-11-28,SM-S911U,2007
2023-11-28,SM-A037U,1992
2023-11-28,SM-A136U,1607
2023-11-28,moto g pure,1462
2023-11-28,Opera,1444
2023-11-28,Pixel 7,1386
2023-11-28,SM-S906U,1380
2023-11-28,SM-S916U,1353
2023-11-28,moto g play (2023),1207
2023-11-28,SM-A326B,1146
2023-11-28,Pixel 6a,1109
2023-11-28,SM-G996U,1042
2023-11-28,Pixel 7 Pro,1037
2023-11-28,Moto G 5G (2022),1022
2023-11-28,Pixel 6,1012
2023-11-28,SM-A037F,1001
2023-11-27,Chrome,361589
2023-11-27,iPhone,234747
2023-11-27,Safari,99404
2023-11-27,Edge,84112
2023-11-27,ChromeBook,28936
2023-11-27,Firefox,13476
2023-11-27,(not set),11680
2023-11-27,SM-A146U,4823
2023-11-27,SM-S918U,4004
2023-11-27,iPad,3973
2023-11-27,SM-S908U,3886
2023-11-27,SM-S901U,2684
2023-11-27,SM-G991U,2020
2023-11-27,SM-S911U,2005
2023-11-27,SM-A037U,1958
2023-11-27,SM-G998U,1891
2023-11-27,SM-A136U,1646
2023-11-27,moto g pure,1543
2023-11-27,Opera,1511
2023-11-27,SM-S906U,1362
2023-11-27,SM-S916U,1339
2023-11-27,Pixel 7,1305
2023-11-27,SM-A326B,1258
2023-11-27,moto g play (2023),1214
2023-11-27,Moto G 5G (2022),1148
2023-11-27,Pixel 6a,1044
2023-11-27,SM-G996U,1033
2023-11-27,Pixel 7 Pro,1008
2023-11-27,Pixel 6,1002
2023-11-26,iPhone,210895
2023-11-26,Chrome,123422
2023-11-26,Safari,60712
2023-11-26,Edge,24435
2023-11-26,Firefox,9224
2023-11-26,ChromeBook,8231
2023-11-26,(not set),5235
2023-11-26,SM-S908U,4004
2023-11-26,SM-S918U,3863
2023-11-26,SM-A146U,3699
2023-11-26,iPad,3491
2023-11-26,SM-S901U,2449
2023-11-26,SM-G991U,2153
2023-11-26,SM-G998U,1975
2023-11-26,SM-S911U,1909
2023-11-26,SM-A037U,1636
2023-11-26,SM-S906U,1428
2023-11-26,SM-A136U,1378
2023-11-26,Opera,1373
2023-11-26,SM-S916U,1371
2023-11-26,moto g pure,1342
2023-11-26,Pixel 7 Pro,1100
2023-11-26,Pixel 7,1094
2023-11-26,SM-G996U,1060
2023-11-26,Pixel 6a,1041
2023-11-26,Pixel 6,1038
2023-11-26,SM-A326B,1003
2023-11-25,iPhone,208273
2023-11-25,Chrome,114159
2023-11-25,Safari,43923
2023-11-25,Edge,19701
2023-11-25,Firefox,6133
2023-11-25,ChromeBook,5133
2023-11-25,(not set),4940
2023-11-25,SM-S908U,3673
2023-11-25,SM-S918U,3480
2023-11-25,SM-A146U,3443
2023-11-25,iPad,3269
2023-11-25,SM-S901U,2468
2023-11-25,SM-G991U,1969
2023-11-25,SM-S911U,1822
2023-11-25,SM-G998U,1792
2023-11-25,SM-A136U,1367
2023-11-25,SM-A037U,1355
2023-11-25,SM-S906U,1309
2023-11-25,moto g pure,1236
2023-11-25,SM-S916U,1207
2023-11-25,Pixel 7,1149
2023-11-25,Opera,1110
2023-11-25,Pixel 7 Pro,1018
2023-11-24,iPhone,200098
2023-11-24,Chrome,150072
2023-11-24,Safari,44338
2023-11-24,Edge,30830
2023-11-24,Firefox,8992
2023-11-24,(not set),6240
2023-11-24,ChromeBook,5178
2023-11-24,SM-A146U,3508
2023-11-24,SM-S908U,3280
2023-11-24,SM-S918U,3232
2023-11-24,iPad,3048
2023-11-24,SM-S901U,2153
2023-11-24,SM-G991U,1776
2023-11-24,SM-S911U,1629
2023-11-24,SM-G998U,1627
2023-11-24,SM-A037U,1503
2023-11-24,SM-A136U,1310
2023-11-24,moto g pure,1215
2023-11-24,SM-S916U,1181
2023-11-24,Pixel 7,1176
2023-11-24,SM-S906U,1122
2023-11-24,Opera,1118
2023-11-23,iPhone,184618
2023-11-23,Chrome,137720
2023-11-23,Safari,37975
2023-11-23,Edge,19152
2023-11-23,Firefox,7493
2023-11-23,(not set),5274
2023-11-23,ChromeBook,4698
2023-11-23,SM-A146U,3413
2023-11-23,SM-S908U,3096
2023-11-23,SM-S918U,2947
2023-11-23,iPad,2807
2023-11-23,SM-S901U,2079
2023-11-23,SM-G991U,1662
2023-11-23,SM-S911U,1524
2023-11-23,SM-G998U,1522
2023-11-23,SM-A037U,1420
2023-11-23,SM-A136U,1178
2023-11-23,moto g pure,1164
2023-11-23,SM-S906U,1144
2023-11-23,Opera,1141
2023-11-23,Pixel 7,1111
2023-11-23,SM-S916U,1072
2023-11-22,Chrome,306648
2023-11-22,iPhone,229830
2023-11-22,Safari,66285
2023-11-22,Edge,61577
2023-11-22,Firefox,13211
2023-11-22,(not set),9782
2023-11-22,ChromeBook,7864
2023-11-22,iPad,4087
2023-11-22,SM-A146U,4041
2023-11-22,SM-S918U,3619
2023-11-22,SM-S908U,3600
2023-11-22,SM-S901U,2615
2023-11-22,SM-G991U,2023
2023-11-22,SM-S911U,1902
2023-11-22,SM-G998U,1829
2023-11-22,SM-A037U,1712
2023-11-22,SM-A136U,1473
2023-11-22,moto g pure,1446
2023-11-22,Pixel 7,1393
2023-11-22,Opera,1380
2023-11-22,SM-S906U,1338
2023-11-22,SM-S916U,1282
2023-11-22,SM-A326B,1166
2023-11-22,Pixel 6a,1159
2023-11-22,Firefox for Android,1117
2023-11-22,Pixel 6,1099
2023-11-22,Pixel 7 Pro,1092
2023-11-22,moto g play (2023),1073
2023-11-22,SM-G996U,1007
2023-11-21,Chrome,502491
2023-11-21,iPhone,265193
2023-11-21,Safari,92229
2023-11-21,Edge,80647
2023-11-21,ChromeBook,18371
2023-11-21,Firefox,14934
2023-11-21,(not set),12276
2023-11-21,SM-A146U,4447
2023-11-21,iPad,4408
2023-11-21,SM-S918U,4084
2023-11-21,SM-S908U,4050
2023-11-21,SM-S901U,2847
2023-11-21,SM-G991U,2283
2023-11-21,SM-S911U,2143
2023-11-21,SM-G998U,1960
2023-11-21,SM-A037U,1852
2023-11-21,Opera,1804
2023-11-21,SM-A136U,1653
2023-11-21,Pixel 7,1620
2023-11-21,SM-S906U,1506
2023-11-21,moto g pure,1459
2023-11-21,Pixel 7 Pro,1425
2023-11-21,SM-S916U,1352
2023-11-21,Pixel 6a,1290
2023-11-21,SM-A326B,1278
2023-11-21,Firefox for Android,1252
2023-11-21,Pixel 6,1219
2023-11-21,moto g play (2023),1194
2023-11-21,SM-G781U,1117
2023-11-21,SM-G996U,1099
2023-11-21,Moto G 5G (2022),1051
2023-11-21,SM-A037F,1030
2023-11-20,Chrome,423335
2023-11-20,iPhone,230186
2023-11-20,Safari,87706
2023-11-20,Edge,81117
2023-11-20,ChromeBook,20915
2023-11-20,Firefox,15658
2023-11-20,(not set),11365
2023-11-20,SM-A146U,4267
2023-11-20,SM-S908U,4002
2023-11-20,iPad,3974
2023-11-20,SM-S918U,3897
2023-11-20,SM-S901U,2676
2023-11-20,SM-G991U,2044
2023-11-20,SM-A037U,1970
2023-11-20,SM-G998U,1966
2023-11-20,SM-S911U,1953
2023-11-20,SM-A136U,1667
2023-11-20,moto g pure,1490
2023-11-20,Opera,1440
2023-11-20,SM-S916U,1389
2023-11-20,SM-S906U,1306
2023-11-20,Pixel 7,1278
2023-11-20,Moto G 5G (2022),1143
2023-11-20,Pixel 6a,1138
2023-11-20,SM-A326B,1132
2023-11-20,moto g play (2023),1124
2023-11-20,SM-G996U,1109
2023-11-20,Pixel 6,1075
2023-11-20,Pixel 7 Pro,1073
2023-11-20,SM-G781U,1055
2023-11-20,SM-A037F,1049
2023-11-19,iPhone,213578
2023-11-19,Chrome,147291
2023-11-19,Safari,60046
2023-11-19,Edge,25280
2023-11-19,ChromeBook,8380
2023-11-19,Firefox,5449
2023-11-19,(not set),5332
2023-11-19,iPad,3850
2023-11-19,SM-A146U,3664
2023-11-19,SM-S908U,3559
2023-11-19,SM-S918U,3313
2023-11-19,SM-S901U,2437
2023-11-19,SM-G991U,2008
2023-11-19,SM-G998U,1794
2023-11-19,SM-S911U,1732
2023-11-19,SM-A037U,1530
2023-11-19,SM-A136U,1356
2023-11-19,moto g pure,1303
2023-11-19,SM-S916U,1275
2023-11-19,Opera,1221
2023-11-19,SM-S906U,1154
2023-11-19,Pixel 7,1126
2023-11-19,SM-A326B,1043
2023-11-19,moto g play (2023),1012
2023-11-18,iPhone,213726
2023-11-18,Chrome,136192
2023-11-18,Safari,46827
2023-11-18,Edge,21207
2023-11-18,Firefox,5627
2023-11-18,ChromeBook,5568
2023-11-18,(not set),5114
2023-11-18,iPad,3836
2023-11-18,SM-A146U,3619
2023-11-18,SM-S908U,3607
2023-11-18,SM-S918U,3484
2023-11-18,SM-S901U,2587
2023-11-18,SM-G991U,2116
2023-11-18,SM-G998U,1944
2023-11-18,SM-S911U,1801
2023-11-18,SM-A037U,1662
2023-11-18,moto g pure,1449
2023-11-18,SM-A136U,1423
2023-11-18,SM-S906U,1324
2023-11-18,SM-S916U,1245
2023-11-18,Pixel 7,1200
2023-11-18,Opera,1155
2023-11-18,Pixel 6a,1117
2023-11-18,SM-A326B,1095
2023-11-18,Pixel 7 Pro,1081
2023-11-18,Pixel 6,1038
2023-11-18,moto g play (2023),1026
2023-11-18,Moto G 5G (2022),1014
2023-11-18,SM-G781U,1008
2023-11-17,Chrome,354446
2023-11-17,iPhone,247665
2023-11-17,Safari,77985
2023-11-17,Edge,71529
2023-11-17,ChromeBook,25688
2023-11-17,Firefox,11878
2023-11-17,(not set),10696
2023-11-17,SM-S908U,4341
2023-11-17,SM-A146U,4325
2023-11-17,iPad,4298
2023-11-17,SM-S918U,4077
2023-11-17,SM-S901U,3173
2023-11-17,SM-G991U,2506
2023-11-17,SM-S911U,2136
2023-11-17,SM-G998U,2070
2023-11-17,SM-A037U,1910
2023-11-17,Pixel 7,1775
2023-11-17,SM-A136U,1713
2023-11-17,moto g pure,1648
2023-11-17,SM-S916U,1550
2023-11-17,SM-S906U,1500
2023-11-17,Opera,1340
2023-11-17,Pixel 6a,1326
2023-11-17,Pixel 6,1307
2023-11-17,SM-A326B,1288
2023-11-17,Pixel 7 Pro,1284
2023-11-17,moto g play (2023),1171
2023-11-17,SM-G781U,1162
2023-11-17,SM-G996U,1138
2023-11-17,Moto G 5G (2022),1117
2023-11-17,Firefox for Android,1086
2023-11-17,SM-N986U,1041
2023-11-17,SM-A037F,1022
2023-11-16,Chrome,392619
2023-11-16,iPhone,274455
2023-11-16,Safari,96693
2023-11-16,Edge,84185
2023-11-16,ChromeBook,34502
2023-11-16,Firefox,13658
2023-11-16,(not set),12245
2023-11-16,iPad,5034
2023-11-16,SM-A146U,4387
2023-11-16,SM-S908U,4309
2023-11-16,SM-S918U,4144
2023-11-16,SM-S901U,3084
2023-11-16,SM-G991U,2367
2023-11-16,SM-S911U,2269
2023-11-16,SM-G998U,2185
2023-11-16,SM-A037U,1984
2023-11-16,SM-A136U,1786
2023-11-16,Pixel 7,1662
2023-11-16,moto g pure,1611
2023-11-16,Opera,1523
2023-11-16,SM-S906U,1491
2023-11-16,SM-S916U,1452
2023-11-16,Pixel 6a,1359
2023-11-16,SM-A326B,1325
2023-11-16,Pixel 6,1297
2023-11-16,moto g play (2023),1254
2023-11-16,Pixel 7 Pro,1198
2023-11-16,Moto G 5G (2022),1161
2023-11-16,SM-G781U,1160
2023-11-16,Firefox for Android,1123
2023-11-16,SM-G996U,1120
2023-11-16,SM-A037F,1092
2023-11-16,SM-N986U,1012
2023-11-15,Chrome,429482
2023-11-15,iPhone,270199
2023-11-15,Safari,96555
2023-11-15,Edge,83610
2023-11-15,ChromeBook,34641
2023-11-15,Firefox,14943
2023-11-15,(not set),11806
2023-11-15,iPad,4547
2023-11-15,SM-A146U,4503
2023-11-15,SM-S908U,4027
2023-11-15,SM-S918U,3872
2023-11-15,SM-S901U,2825
2023-11-15,SM-G991U,2287
2023-11-15,SM-A037U,1991
2023-11-15,SM-S911U,1969
2023-11-15,SM-G998U,1943
2023-11-15,SM-A136U,1824
2023-11-15,moto g pure,1733
2023-11-15,Pixel 7,1567
2023-11-15,SM-S906U,1488
2023-11-15,Opera,1487
2023-11-15,SM-S916U,1350
2023-11-15,SM-A326B,1267
2023-11-15,Pixel 6a,1220
2023-11-15,moto g play (2023),1194
2023-11-15,SM-G996U,1183
2023-11-15,Pixel 6,1159
2023-11-15,Moto G 5G (2022),1143
2023-11-15,Pixel 7 Pro,1143
2023-11-15,SM-A037F,1100
2023-11-15,SM-G781U,1090
2023-11-15,Firefox for Android,1070
2023-11-14,Chrome,421790
2023-11-14,iPhone,242510
2023-11-14,Safari,101216
2023-11-14,Edge,85248
2023-11-14,ChromeBook,34547
2023-11-14,Firefox,16521
2023-11-14,(not set),12085
2023-11-14,SM-A146U,4714
2023-11-14,iPad,4392
2023-11-14,SM-S908U,3923
2023-11-14,SM-S918U,3799
2023-11-14,SM-S901U,2797
2023-11-14,SM-G991U,2100
2023-11-14,SM-S911U,2031
2023-11-14,SM-G998U,1984
2023-11-14,SM-A037U,1867
2023-11-14,SM-A136U,1689
2023-11-14,moto g pure,1528
2023-11-14,Opera,1479
2023-11-14,SM-S906U,1459
2023-11-14,Pixel 7,1431
2023-11-14,SM-S916U,1333
2023-11-14,SM-A326B,1183
2023-11-14,moto g play (2023),1160
2023-11-14,Pixel 6a,1129
2023-11-14,Moto G 5G (2022),1095
2023-11-14,SM-A037F,1090
2023-11-14,Pixel 6,1083
2023-11-14,SM-G781U,1078
2023-11-14,Pixel 7 Pro,1075
2023-11-14,SM-G996U,1042
2023-11-14,Firefox for Android,1016
2023-11-13,Chrome,378537
2023-11-13,iPhone,247623
2023-11-13,Safari,98080
2023-11-13,Edge,81793
2023-11-13,ChromeBook,32546
2023-11-13,Firefox,14354
2023-11-13,(not set),10823
2023-11-13,SM-A146U,4444
2023-11-13,iPad,4309
2023-11-13,SM-S908U,3807
2023-11-13,SM-S918U,3617
2023-11-13,SM-S901U,2638
2023-11-13,SM-G991U,2042
2023-11-13,SM-A037U,1955
2023-11-13,SM-S911U,1937
2023-11-13,SM-G998U,1890
2023-11-13,SM-A136U,1798
2023-11-13,moto g pure,1601
2023-11-13,Opera,1525
2023-11-13,Pixel 7,1335
2023-11-13,SM-S906U,1314
2023-11-13,SM-S916U,1291
2023-11-13,moto g play (2023),1175
2023-11-13,SM-A326B,1149
2023-11-13,Pixel 6a,1104
2023-11-13,Moto G 5G (2022),1097
2023-11-13,Pixel 6,1089
2023-11-13,SM-A037F,1050
2023-11-13,SM-G996U,1049
2023-11-13,Firefox for Android,1042
2023-11-13,SM-G781U,1019
2023-11-13,Pixel 7 Pro,1017
2023-11-12,iPhone,204853
2023-11-12,Chrome,161390
2023-11-12,Safari,63311
2023-11-12,Edge,24287
2023-11-12,ChromeBook,9184
2023-11-12,Firefox,6051
2023-11-12,(not set),4636
2023-11-12,iPad,3576
2023-11-12,SM-A146U,3494
2023-11-12,SM-S908U,3275
2023-11-12,SM-S918U,3151
2023-11-12,SM-S901U,2330
2023-11-12,SM-G991U,1958
2023-11-12,SM-S911U,1688
2023-11-12,SM-G998U,1672
2023-11-12,SM-A037U,1571
2023-11-12,SM-A136U,1460
2023-11-12,moto g pure,1312
2023-11-12,Opera,1260
2023-11-12,SM-S906U,1224
2023-11-12,SM-S916U,1131
2023-11-12,Pixel 7,1033
2023-11-12,SM-A326B,1021
2023-11-12,Pixel 6,1005
2023-11-11,iPhone,221605
2023-11-11,Chrome,156329
2023-11-11,Safari,47932
2023-11-11,Edge,21315
2023-11-11,Firefox,5854
2023-11-11,ChromeBook,5712
2023-11-11,(not set),4580
2023-11-11,SM-S908U,3624
2023-11-11,SM-A146U,3605
2023-11-11,iPad,3507
2023-11-11,SM-S918U,3325
2023-11-11,SM-S901U,2557
2023-11-11,SM-G991U,2153
2023-11-11,SM-S911U,1807
2023-11-11,SM-G998U,1785
2023-11-11,SM-A037U,1601
2023-11-11,SM-A136U,1519
2023-11-11,SM-S906U,1374
2023-11-11,moto g pure,1366
2023-11-11,Pixel 7,1225
2023-11-11,SM-A326B,1172
2023-11-11,SM-S916U,1155
2023-11-11,Pixel 7 Pro,1134
2023-11-11,Pixel 6a,1114
2023-11-11,Opera,1093
2023-11-11,Pixel 6,1073
2023-11-10,Chrome,329005
2023-11-10,iPhone,250693
2023-11-10,Safari,76733
2023-11-10,Edge,48834
2023-11-10,ChromeBook,18380
2023-11-10,Firefox,11559
2023-11-10,(not set),7686
2023-11-10,iPad,4469
2023-11-10,SM-S908U,4064
2023-11-10,SM-A146U,3937
2023-11-10,SM-S918U,3920
2023-11-10,SM-S901U,3069
2023-11-10,SM-G991U,2355
2023-11-10,SM-S911U,2106
2023-11-10,SM-G998U,1975
2023-11-10,SM-A037U,1953
2023-11-10,SM-A136U,1639
2023-11-10,moto g pure,1522
2023-11-10,Pixel 7,1501
2023-11-10,SM-S906U,1480
2023-11-10,Opera,1384
2023-11-10,SM-S916U,1317
2023-11-10,SM-A326B,1304
2023-11-10,Pixel 7 Pro,1263
2023-11-10,Pixel 6,1254
2023-11-10,Pixel 6a,1227
2023-11-10,SM-G996U,1175
2023-11-10,moto g play (2023),1132
2023-11-10,Firefox for Android,1083
2023-11-10,Moto G 5G (2022),1079
2023-11-10,SM-G781U,1048
2023-11-10,SM-A037F,1038
2023-11-09,Chrome,404999
2023-11-09,iPhone,273431
2023-11-09,Safari,97299
2023-11-09,Edge,82218
2023-11-09,ChromeBook,29755
2023-11-09,Firefox,15338
2023-11-09,(not set),11050
2023-11-09,iPad,4813
2023-11-09,SM-S908U,4586
2023-11-09,SM-A146U,4529
2023-11-09,SM-S918U,4350
2023-11-09,SM-S901U,3089
2023-11-09,SM-G991U,2452
2023-11-09,SM-S911U,2273
2023-11-09,SM-G998U,2152
2023-11-09,SM-A037U,2041
2023-11-09,SM-A136U,1875
2023-11-09,moto g pure,1856
2023-11-09,Pixel 7,1801
2023-11-09,SM-S906U,1680
2023-11-09,Opera,1582
2023-11-09,SM-S916U,1499
2023-11-09,SM-A326B,1373
2023-11-09,Pixel 7 Pro,1364
2023-11-09,Pixel 6a,1351
2023-11-09,SM-G996U,1319
2023-11-09,Pixel 6,1304
2023-11-09,moto g play (2023),1187
2023-11-09,Moto G 5G (2022),1178
2023-11-09,SM-A037F,1122
2023-11-09,Firefox for Android,1113
2023-11-09,SM-G781U,1074
2023-11-09,SM-N986U,1061
2023-11-08,Chrome,480348
2023-11-08,iPhone,276879
2023-11-08,Safari,102909
2023-11-08,Edge,85733
2023-11-08,ChromeBook,31255
2023-11-08,Firefox,17073
2023-11-08,(not set),11579
2023-11-08,iPad,5002
2023-11-08,SM-A146U,4893
2023-11-08,SM-S908U,4758
2023-11-08,SM-S918U,4390
2023-11-08,SM-S901U,3266
2023-11-08,SM-G991U,2639
2023-11-08,SM-S911U,2296
2023-11-08,SM-G998U,2250
2023-11-08,SM-A037U,2197
2023-11-08,SM-A136U,1948
2023-11-08,moto g pure,1918
2023-11-08,Pixel 7,1781
2023-11-08,SM-S906U,1747
2023-11-08,SM-S916U,1534
2023-11-08,Pixel 6a,1501
2023-11-08,SM-A326B,1472
2023-11-08,Opera,1414
2023-11-08,Pixel 6,1409
2023-11-08,SM-G996U,1349
2023-11-08,Pixel 7 Pro,1337
2023-11-08,Moto G 5G (2022),1314
2023-11-08,SM-G781U,1241
2023-11-08,SM-A037F,1222
2023-11-08,moto g play (2023),1202
2023-11-08,Firefox for Android,1142
2023-11-08,Moto G Stylus 5G (2022),1112
2023-11-08,SM-N986U,1106
2023-11-08,Moto G Stylus 5G,1086
2023-11-07,Chrome,426778
2023-11-07,iPhone,261646
2023-11-07,Safari,101316
2023-11-07,Edge,86160
2023-11-07,ChromeBook,26359
2023-11-07,(not set),13751
2023-11-07,Firefox,13330
2023-11-07,SM-A146U,5133
2023-11-07,iPad,4680
2023-11-07,SM-S908U,4539
2023-11-07,SM-S918U,4333
2023-11-07,SM-S901U,3169
2023-11-07,SM-G991U,2516
2023-11-07,SM-A037U,2367
2023-11-07,SM-S911U,2323
2023-11-07,SM-G998U,2149
2023-11-07,moto g pure,2026
2023-11-07,SM-A136U,2017
2023-11-07,SM-S906U,1685
2023-11-07,Pixel 7,1638
2023-11-07,SM-S916U,1532
2023-11-07,Opera,1460
2023-11-07,SM-A326B,1430
2023-11-07,moto g play (2023),1388
2023-11-07,Moto G 5G (2022),1344
2023-11-07,Pixel 6a,1322
2023-11-07,SM-A037F,1307
2023-11-07,Pixel 7 Pro,1254
2023-11-07,Pixel 6,1224
2023-11-07,SM-G996U,1185
2023-11-07,SM-G781U,1154
2023-11-07,Moto G Stylus 5G (2022),1153
2023-11-07,Firefox for Android,1059
2023-11-07,Moto G Stylus 5G,1046
2023-11-07,Moto G Power (2022),1019
2023-11-06,Chrome,400338
2023-11-06,iPhone,249210
2023-11-06,Safari,103527
2023-11-06,Edge,84248
2023-11-06,ChromeBook,28226
2023-11-06,Firefox,14009
2023-11-06,(not set),12234
2023-11-06,SM-A146U,4712
2023-11-06,iPad,4493
2023-11-06,SM-S908U,4201
2023-11-06,SM-S918U,3981
2023-11-06,SM-S901U,2949
2023-11-06,SM-G991U,2259
2023-11-06,SM-A037U,2120
2023-11-06,SM-S911U,2075
2023-11-06,SM-G998U,2005
2023-11-06,SM-A136U,1883
2023-11-06,Pixel 7,1621
2023-11-06,moto g pure,1569
2023-11-06,Opera,1480
2023-11-06,SM-S906U,1471
2023-11-06,SM-S916U,1441
2023-11-06,Moto G 5G (2022),1275
2023-11-06,Pixel 6,1267
2023-11-06,Firefox for Android,1262
2023-11-06,Pixel 6a,1255
2023-11-06,SM-A326B,1244
2023-11-06,Pixel 7 Pro,1236
2023-11-06,SM-G996U,1149
2023-11-06,moto g play (2023),1125
2023-11-06,SM-G781U,1115
2023-11-06,SM-A037F,1011
2023-11-05,iPhone,207722
2023-11-05,Chrome,155370
2023-11-05,Safari,66427
2023-11-05,Edge,25226
2023-11-05,ChromeBook,9120
2023-11-05,Firefox,6068
2023-11-05,(not set),5162
2023-11-05,iPad,3656
2023-11-05,SM-A146U,3564
2023-11-05,SM-S908U,3548
2023-11-05,SM-S918U,3069
2023-11-05,SM-S901U,2374
2023-11-05,SM-G991U,1790
2023-11-05,SM-G998U,1706
2023-11-05,SM-S911U,1668
2023-11-05,SM-A037U,1660
2023-11-05,SM-A136U,1508
2023-11-05,moto g pure,1403
2023-11-05,Opera,1402
2023-11-05,SM-S906U,1268
2023-11-05,Pixel 7,1168
2023-11-05,SM-A326B,1095
2023-11-05,SM-S916U,1090
2023-11-05,SM-A037F,1056
2023-11-05,Pixel 7 Pro,1033
2023-11-05,Pixel 6a,1022
2023-11-04,iPhone,200086
2023-11-04,Chrome,169837
2023-11-04,Safari,48528
2023-11-04,Edge,21816
2023-11-04,ChromeBook,5461
2023-11-04,Firefox,5385
2023-11-04,(not set),4778
2023-11-04,SM-A146U,3392
2023-11-04,SM-S908U,3365
2023-11-04,iPad,3179
2023-11-04,SM-S918U,3091
2023-11-04,SM-S901U,2432
2023-11-04,SM-G991U,1826
2023-11-04,SM-G998U,1650
2023-11-04,SM-S911U,1646
2023-11-04,SM-A037U,1585
2023-11-04,SM-A136U,1503
2023-11-04,moto g pure,1344
2023-11-04,SM-S906U,1289
2023-11-04,SM-S916U,1165
2023-11-04,Pixel 7,1138
2023-11-04,Opera,1105
2023-11-04,Pixel 6a,1071
2023-11-04,SM-A326B,1059
2023-11-03,Chrome,359503
2023-11-03,iPhone,238943
2023-11-03,Safari,76651
2023-11-03,Edge,70289
2023-11-03,ChromeBook,24930
2023-11-03,Firefox,12570
2023-11-03,(not set),10281
2023-11-03,iPad,4144
2023-11-03,SM-S908U,3904
2023-11-03,SM-A146U,3831
2023-11-03,SM-S918U,3605
2023-11-03,SM-S901U,2788
2023-11-03,SM-G991U,2243
2023-11-03,SM-G998U,1933
2023-11-03,SM-S911U,1899
2023-11-03,SM-A037U,1806
2023-11-03,Pixel 7,1744
2023-11-03,SM-A136U,1697
2023-11-03,moto g pure,1557
2023-11-03,SM-S906U,1413
2023-11-03,Opera,1349
2023-11-03,Pixel 6a,1315
2023-11-03,SM-S916U,1294
2023-11-03,Pixel 6,1253
2023-11-03,SM-A326B,1218
2023-11-03,Moto G 5G (2022),1166
2023-11-03,Pixel 7 Pro,1151
2023-11-03,SM-G996U,1110
2023-11-03,moto g play (2023),1059
2023-11-03,SM-G781U,1039
2023-11-02,Chrome,413221
2023-11-02,iPhone,268308
2023-11-02,Safari,97317
2023-11-02,Edge,86067
2023-11-02,ChromeBook,31350
2023-11-02,Firefox,16852
2023-11-02,(not set),12478
2023-11-02,iPad,4560
2023-11-02,SM-S908U,4300
2023-11-02,SM-A146U,4124
2023-11-02,SM-S918U,3967
2023-11-02,SM-S901U,3021
2023-11-02,SM-G991U,2442
2023-11-02,SM-G998U,2264
2023-11-02,SM-S911U,2052
2023-11-02,SM-A037U,2007
2023-11-02,SM-A136U,1871
2023-11-02,Pixel 7,1758
2023-11-02,SM-S906U,1615
2023-11-02,moto g pure,1523
2023-11-02,Opera,1508
2023-11-02,Pixel 6a,1491
2023-11-02,Pixel 6,1469
2023-11-02,Pixel 7 Pro,1393
2023-11-02,SM-A326B,1365
2023-11-02,SM-S916U,1349
2023-11-02,SM-G996U,1262
2023-11-02,Moto G 5G (2022),1241
2023-11-02,SM-G781U,1185
2023-11-02,Firefox for Android,1149
2023-11-02,SM-A037F,1132
2023-11-02,moto g play (2023),1069
2023-11-02,SM-N986U,1010
2023-11-02,Moto G Stylus 5G,1006
2023-11-01,Chrome,512795
2023-11-01,iPhone,309900
2023-11-01,Safari,115256
2023-11-01,Edge,82973
2023-11-01,ChromeBook,27344
2023-11-01,(not set),14524
2023-11-01,Firefox,14522
2023-11-01,iPad,5775
2023-11-01,SM-S908U,4596
2023-11-01,SM-A146U,4415
2023-11-01,SM-S918U,4307
2023-11-01,SM-S901U,3609
2023-11-01,SM-G991U,2963
2023-11-01,SM-S911U,2382
2023-11-01,SM-G998U,2375
2023-11-01,Pixel 7,2292
2023-11-01,Pixel 6,2066
2023-11-01,SM-A037U,2017
2023-11-01,Pixel 6a,1871
2023-11-01,SM-A136U,1815
2023-11-01,Pixel 7 Pro,1796
2023-11-01,SM-S906U,1781
2023-11-01,22127RK46C,1728
2023-11-01,M2007J1SC,1662
2023-11-01,SM-S916U,1598
2023-11-01,moto g pure,1592
2023-11-01,Opera,1566
2023-11-01,Firefox for Android,1408
2023-11-01,SM-A326B,1382
2023-11-01,SM-G996U,1317
2023-11-01,Pixel 6 Pro,1280
2023-11-01,SM-G781U,1277
2023-11-01,Moto G 5G (2022),1201
2023-11-01,SM-G973U,1131
2023-11-01,SM-N986U,1062
2023-11-01,SM-G970U,1020
2023-11-01,SM-S908U1,1016
2023-11-01,Moto G Stylus 5G (2022),1008
2023-11-01,Moto G Stylus 5G,1007
2023-10-31,Chrome,441566
2023-10-31,iPhone,298183
2023-10-31,Safari,102032
2023-10-31,Edge,81668
2023-10-31,ChromeBook,27361
2023-10-31,Firefox,14022
2023-10-31,(not set),12184
2023-10-31,iPad,5330
2023-10-31,SM-S908U,4436
2023-10-31,SM-A146U,4391
2023-10-31,SM-S918U,3927
2023-10-31,SM-S901U,3469
2023-10-31,SM-G991U,2671
2023-10-31,SM-S911U,2214
2023-10-31,SM-G998U,2147
2023-10-31,SM-A037U,1951
2023-10-31,Pixel 7,1851
2023-10-31,SM-A136U,1822
2023-10-31,SM-S906U,1668
2023-10-31,Pixel 6,1626
2023-10-31,moto g pure,1536
2023-10-31,SM-S916U,1500
2023-10-31,Pixel 6a,1472
2023-10-31,Pixel 7 Pro,1427
2023-10-31,Opera,1352
2023-10-31,SM-A326B,1331
2023-10-31,SM-G996U,1278
2023-10-31,Moto G 5G (2022),1262
2023-10-31,SM-G781U,1222
2023-10-31,Firefox for Android,1199
2023-10-31,SM-A037F,1072
2023-10-31,SM-N986U,1029
2023-10-31,Moto G Stylus 5G (2022),1022
2023-10-31,moto g play (2023),1010
2023-10-31,SM-G973U,1002
2023-10-30,Chrome,546635
2023-10-30,iPhone,234753
2023-10-30,Safari,99407
2023-10-30,Edge,82788
2023-10-30,ChromeBook,28129
2023-10-30,Firefox,13431
2023-10-30,(not set),11528
2023-10-30,SM-A146U,4427
2023-10-30,iPad,4332
2023-10-30,SM-S908U,4004
2023-10-30,SM-S918U,3803
2023-10-30,SM-S901U,2748
2023-10-30,SM-G991U,2213
2023-10-30,SM-A037U,2096
2023-10-30,SM-G998U,1985
2023-10-30,SM-A136U,1944
2023-10-30,SM-S911U,1900
2023-10-30,moto g pure,1645
2023-10-30,Opera,1478
2023-10-30,SM-S906U,1386
2023-10-30,Pixel 7,1339
2023-10-30,SM-S916U,1285
2023-10-30,SM-A326B,1234
2023-10-30,Pixel 6a,1186
2023-10-30,Moto G 5G (2022),1164
2023-10-30,Pixel 6,1160
2023-10-30,SM-G996U,1124
2023-10-30,moto g play (2023),1053
2023-10-30,Pixel 7 Pro,1050
2023-10-30,SM-G781U,1020
2023-10-30,Moto G Stylus 5G (2022),1015
2023-10-30,SM-A037F,1008
2023-10-29,Chrome,275291
2023-10-29,iPhone,205138
2023-10-29,Safari,57187
2023-10-29,Edge,24036
2023-10-29,ChromeBook,8625
2023-10-29,Firefox,5389
2023-10-29,(not set),4768
2023-10-29,iPad,3419
2023-10-29,SM-S908U,3396
2023-10-29,SM-A146U,3274
2023-10-29,SM-S918U,3015
2023-10-29,SM-S901U,2391
2023-10-29,SM-G991U,1929
2023-10-29,SM-S911U,1656
2023-10-29,SM-G998U,1600
2023-10-29,SM-A037U,1595
2023-10-29,SM-A136U,1478
2023-10-29,moto g pure,1368
2023-10-29,Opera,1170
2023-10-29,SM-S906U,1162
2023-10-29,SM-A326B,1079
2023-10-29,SM-S916U,1068
2023-10-29,Pixel 7,1025
2023-10-28,Chrome,502687
2023-10-28,iPhone,214628
2023-10-28,Safari,45808
2023-10-28,Edge,22700
2023-10-28,Firefox,6407
2023-10-28,ChromeBook,5424
2023-10-28,(not set),5045
2023-10-28,iPad,4428
2023-10-28,SM-S908U,3762
2023-10-28,SM-S918U,3305
2023-10-28,SM-A146U,3238
2023-10-28,SM-S901U,2959
2023-10-28,SM-G991U,2351
2023-10-28,SM-S911U,1819
2023-10-28,SM-G998U,1809
2023-10-28,SM-A037U,1698
2023-10-28,SM-A136U,1601
2023-10-28,moto g pure,1414
2023-10-28,SM-S906U,1408
2023-10-28,Pixel 7,1291
2023-10-28,SM-S916U,1249
2023-10-28,SM-A326B,1205
2023-10-28,Pixel 6a,1136
2023-10-28,Pixel 7 Pro,1123
2023-10-28,Pixel 6,1108
2023-10-28,Opera,1076
2023-10-28,SM-G996U,1068
2023-10-28,SM-G781U,1039
2023-10-27,Chrome,668895
2023-10-27,iPhone,255036
2023-10-27,Safari,77345
2023-10-27,Edge,71549
2023-10-27,ChromeBook,23886
2023-10-27,Firefox,14616
2023-10-27,(not set),10448
2023-10-27,iPad,4957
2023-10-27,SM-S908U,4407
2023-10-27,SM-A146U,4077
2023-10-27,SM-S918U,3942
2023-10-27,SM-S901U,3468
2023-10-27,SM-G991U,2744
2023-10-27,SM-S911U,2281
2023-10-27,SM-A136U,2068
2023-10-27,SM-G998U,2064
2023-10-27,SM-A037U,1963
2023-10-27,Pixel 7,1767
2023-10-27,SM-S906U,1753
2023-10-27,moto g pure,1673
2023-10-27,SM-A326B,1522
2023-10-27,SM-S916U,1468
2023-10-27,Pixel 6,1352
2023-10-27,Pixel 7 Pro,1289
2023-10-27,Pixel 6a,1286
2023-10-27,Opera,1282
2023-10-27,SM-G996U,1273
2023-10-27,SM-G781U,1245
2023-10-27,Moto G 5G (2022),1135
2023-10-27,SM-G973U,1098
2023-10-27,SM-A037F,1085
2023-10-27,SM-G960U,1043
2023-10-27,SM-N986U,1038
2023-10-27,Moto G Stylus 5G,1033
2023-10-27,Firefox for Android,1018
2023-10-26,Chrome,339918
2023-10-26,iPhone,266696
2023-10-26,Safari,93077
2023-10-26,Edge,74640
2023-10-26,ChromeBook,29235
2023-10-26,Firefox,12607
2023-10-26,(not set),11954
2023-10-26,iPad,4966
2023-10-26,SM-S908U,4633
2023-10-26,SM-S918U,4296
2023-10-26,SM-A146U,4292
2023-10-26,SM-S901U,3492
2023-10-26,SM-G991U,2843
2023-10-26,SM-S911U,2467
2023-10-26,SM-G998U,2367
2023-10-26,SM-A136U,2176
2023-10-26,SM-A037U,2042
2023-10-26,SM-S906U,1709
2023-10-26,moto g pure,1704
2023-10-26,Pixel 7,1700
2023-10-26,SM-S916U,1544
2023-10-26,SM-A326B,1440
2023-10-26,Opera,1392
2023-10-26,SM-G996U,1362
2023-10-26,Pixel 6,1309
2023-10-26,Pixel 7 Pro,1300
2023-10-26,Pixel 6a,1298
2023-10-26,SM-G781U,1264
2023-10-26,Moto G 5G (2022),1260
2023-10-26,SM-A037F,1163
2023-10-26,Firefox for Android,1145
2023-10-26,SM-N986U,1090
2023-10-26,Moto G Stylus 5G,1063
2023-10-26,Moto G Stylus 5G (2022),1047
2023-10-26,SM-G973U,1040
2023-10-25,Chrome,373129
2023-10-25,iPhone,256445
2023-10-25,Safari,93136
2023-10-25,Edge,85989
2023-10-25,ChromeBook,32002
2023-10-25,(not set),12636
2023-10-25,Firefox,12355
2023-10-25,iPad,4730
2023-10-25,SM-S908U,4457
2023-10-25,SM-A146U,4291
2023-10-25,SM-S918U,3992
2023-10-25,SM-S901U,3475
2023-10-25,SM-G991U,2737
2023-10-25,SM-G998U,2274
2023-10-25,SM-S911U,2215
2023-10-25,SM-A037U,2166
2023-10-25,SM-A136U,2124
2023-10-25,moto g pure,1719
2023-10-25,SM-S906U,1683
2023-10-25,Pixel 7,1552
2023-10-25,SM-S916U,1510
2023-10-25,SM-A326B,1464
2023-10-25,Opera,1354
2023-10-25,Moto G 5G (2022),1326
2023-10-25,Pixel 6,1321
2023-10-25,SM-G996U,1299
2023-10-25,Pixel 6a,1273
2023-10-25,SM-G781U,1255
2023-10-25,Pixel 7 Pro,1240
2023-10-25,Firefox for Android,1145
2023-10-25,SM-A037F,1134
2023-10-25,Lumia 640 XL,1131
2023-10-25,Moto G Stylus 5G (2022),1096
2023-10-25,SM-N986U,1066
2023-10-25,Moto G Stylus 5G,1051
2023-10-24,Chrome,515189
2023-10-24,iPhone,262852
2023-10-24,Safari,93373
2023-10-24,Edge,86766
2023-10-24,ChromeBook,31141
2023-10-24,(not set),12463
2023-10-24,Firefox,12320
2023-10-24,iPad,4836
2023-10-24,SM-S908U,4338
2023-10-24,SM-A146U,4225
2023-10-24,SM-S918U,4002
2023-10-24,SM-S901U,3215
2023-10-24,SM-G991U,2555
2023-10-24,SM-S911U,2145
2023-10-24,SM-A037U,2133
2023-10-24,SM-G998U,2106
2023-10-24,SM-A136U,2052
2023-10-24,moto g pure,1644
2023-10-24,SM-S906U,1617
2023-10-24,Pixel 7,1577
2023-10-24,SM-A326B,1489
2023-10-24,Opera,1414
2023-10-24,SM-S916U,1393
2023-10-24,Pixel 6a,1283
2023-10-24,Pixel 6,1255
2023-10-24,SM-G996U,1243
2023-10-24,Pixel 7 Pro,1230
2023-10-24,Moto G 5G (2022),1192
2023-10-24,SM-G781U,1154
2023-10-24,SM-N986U,1092
2023-10-24,SM-A037F,1066
2023-10-24,Firefox for Android,1049
2023-10-24,moto g play (2023),1037
2023-10-24,Moto G Stylus 5G,1004
2023-10-23,Chrome,341933
2023-10-23,iPhone,258525
2023-10-23,Safari,99464
2023-10-23,Edge,88386
2023-10-23,ChromeBook,30438
2023-10-23,Firefox,13286
2023-10-23,(not set),12227
2023-10-23,iPad,5090
2023-10-23,SM-S908U,4513
2023-10-23,SM-A146U,4254
2023-10-23,SM-S918U,4053
2023-10-23,SM-S901U,3289
2023-10-23,SM-G991U,2658
2023-10-23,SM-G998U,2251
2023-10-23,SM-S911U,2244
2023-10-23,SM-A037U,2212
2023-10-23,SM-A136U,2078
2023-10-23,SM-S906U,1750
2023-10-23,moto g pure,1660
2023-10-23,Pixel 7,1598
2023-10-23,SM-S916U,1488
2023-10-23,SM-A326B,1485
2023-10-23,Moto G 5G (2022),1398
2023-10-23,Pixel 6a,1365
2023-10-23,Opera,1359
2023-10-23,SM-G996U,1317
2023-10-23,SM-G781U,1276
2023-10-23,Pixel 6,1260
2023-10-23,Pixel 7 Pro,1193
2023-10-23,Firefox for Android,1163
2023-10-23,SM-A037F,1127
2023-10-23,SM-N986U,1094
2023-10-23,Moto G Stylus 5G,1042
2023-10-23,Moto G Stylus 5G (2022),1026
2023-10-23,moto g play (2023),1020
2023-10-22,Chrome,220281
2023-10-22,iPhone,220121
2023-10-22,Safari,61150
2023-10-22,Edge,24013
2023-10-22,ChromeBook,8007
2023-10-22,Firefox,7695
2023-10-22,(not set),5177
2023-10-22,iPad,4095
2023-10-22,SM-S908U,3756
2023-10-22,SM-A146U,3373
2023-10-22,SM-S918U,3328
2023-10-22,SM-S901U,2918
2023-10-22,SM-G991U,2341
2023-10-22,SM-G998U,1950
2023-10-22,SM-S911U,1774
2023-10-22,SM-A136U,1741
2023-10-22,SM-A037U,1739
2023-10-22,SM-S906U,1509
2023-10-22,moto g pure,1490
2023-10-22,SM-S916U,1298
2023-10-22,Pixel 7,1271
2023-10-22,SM-A326B,1210
2023-10-22,SM-G996U,1174
2023-10-22,Pixel 6,1158
2023-10-22,Pixel 7 Pro,1152
2023-10-22,Opera,1143
2023-10-22,Pixel 6a,1104
2023-10-22,SM-G781U,1093
2023-10-22,Moto G 5G (2022),1003
2023-10-21,iPhone,230903
2023-10-21,Chrome,183369
2023-10-21,Safari,45823
2023-10-21,Edge,21557
2023-10-21,ChromeBook,5622
2023-10-21,(not set),5323
2023-10-21,Firefox,5243
2023-10-21,SM-S908U,4300
2023-10-21,iPad,4031
2023-10-21,SM-S918U,3613
2023-10-21,SM-A146U,3351
2023-10-21,SM-S901U,3069
2023-10-21,SM-G991U,2528
2023-10-21,SM-G998U,2153
2023-10-21,SM-S911U,1941
2023-10-21,SM-A136U,1725
2023-10-21,SM-S906U,1698
2023-10-21,SM-A037U,1683
2023-10-21,moto g pure,1540
2023-10-21,Pixel 7,1409
2023-10-21,SM-A326B,1321
2023-10-21,SM-S916U,1280
2023-10-21,Pixel 7 Pro,1230
2023-10-21,SM-G996U,1217
2023-10-21,Pixel 6,1173
2023-10-21,SM-G781U,1145
2023-10-21,Pixel 6a,1138
2023-10-21,Firefox for Android,1103
2023-10-21,Moto G 5G (2022),1082
2023-10-21,SM-N986U,1042
2023-10-20,Chrome,388129
2023-10-20,iPhone,278409
2023-10-20,Safari,77897
2023-10-20,Edge,72112
2023-10-20,ChromeBook,22436
2023-10-20,Firefox,11270
2023-10-20,(not set),10940
2023-10-20,SM-S908U,5013
2023-10-20,iPad,4699
2023-10-20,SM-S918U,4416
2023-10-20,SM-A146U,4167
2023-10-20,SM-S901U,3508
2023-10-20,SM-G991U,2940
2023-10-20,SM-G998U,2595
2023-10-20,SM-S911U,2287
2023-10-20,SM-A037U,2056
2023-10-20,SM-A136U,2014
2023-10-20,SM-S906U,1888
2023-10-20,Pixel 7,1864
2023-10-20,moto g pure,1752
2023-10-20,SM-S916U,1626
2023-10-20,SM-G996U,1482
2023-10-20,Pixel 6,1449
2023-10-20,SM-A326B,1425
2023-10-20,Pixel 7 Pro,1420
2023-10-20,SM-G781U,1370
2023-10-20,Pixel 6a,1354
2023-10-20,Moto G 5G (2022),1288
2023-10-20,Firefox for Android,1239
2023-10-20,SM-N986U,1224
2023-10-20,Opera,1166
2023-10-20,SM-G973U,1145
2023-10-20,SM-A037F,1134
2023-10-20,Pixel 6 Pro,1043
2023-10-20,Moto G Stylus 5G (2022),1023
2023-10-20,SM-G960U,1022
2023-10-20,SM-G970U,1013
2023-10-20,Moto G Stylus 5G,1002
2023-10-19,Chrome,297255
2023-10-19,iPhone,271747
2023-10-19,Safari,93370
2023-10-19,Edge,84906
2023-10-19,ChromeBook,26944
2023-10-19,(not set),12982
2023-10-19,Firefox,12761
2023-10-19,iPad,4766
2023-10-19,SM-S908U,4521
2023-10-19,SM-A146U,4031
2023-10-19,SM-S918U,3898
2023-10-19,SM-S901U,3157
2023-10-19,SM-G991U,2617
2023-10-19,SM-G998U,2242
2023-10-19,SM-S911U,2133
2023-10-19,SM-A037U,2087
2023-10-19,SM-A136U,1916
2023-10-19,moto g pure,1687
2023-10-19,SM-S906U,1651
2023-10-19,Pixel 7,1639
2023-10-19,SM-S916U,1450
2023-10-19,Opera,1396
2023-10-19,Pixel 7 Pro,1392
2023-10-19,SM-A326B,1367
2023-10-19,SM-G996U,1296
2023-10-19,Pixel 6,1283
2023-10-19,Pixel 6a,1283
2023-10-19,Moto G 5G (2022),1250
2023-10-19,Firefox for Android,1220
2023-10-19,SM-G781U,1205
2023-10-19,SM-A037F,1092
2023-10-19,SM-N986U,1070
2023-10-19,Moto G Stylus 5G,1048
2023-10-19,Moto G Stylus 5G (2022),1048
2023-10-18,iPhone,274441
2023-10-18,Chrome,253501
2023-10-18,Safari,96677
2023-10-18,Edge,87195
2023-10-18,ChromeBook,26917
2023-10-18,(not set),12039
2023-10-18,Firefox,11886
2023-10-18,iPad,5131
2023-10-18,SM-S908U,4737
2023-10-18,SM-S918U,4303
2023-10-18,SM-A146U,3939
2023-10-18,SM-S901U,3169
2023-10-18,SM-G991U,2617
2023-10-18,SM-G998U,2375
2023-10-18,SM-S911U,2249
2023-10-18,SM-A037U,2129
2023-10-18,SM-A136U,1903
2023-10-18,Pixel 7,1781
2023-10-18,SM-S906U,1780
2023-10-18,moto g pure,1762
2023-10-18,SM-S916U,1499
2023-10-18,Opera,1417
2023-10-18,Pixel 6,1397
2023-10-18,SM-A326B,1394
2023-10-18,Pixel 7 Pro,1382
2023-10-18,Pixel 6a,1329
2023-10-18,Moto G 5G (2022),1279
2023-10-18,SM-G781U,1266
2023-10-18,SM-G996U,1221
2023-10-18,SM-A037F,1197
2023-10-18,Firefox for Android,1189
2023-10-18,Moto G Stylus 5G (2022),1122
2023-10-18,SM-N986U,1091
2023-10-18,Moto G Stylus 5G,1035
2023-10-17,iPhone,260861
2023-10-17,Chrome,251382
2023-10-17,Safari,94323
2023-10-17,Edge,86313
2023-10-17,ChromeBook,27238
2023-10-17,Firefox,14344
2023-10-17,(not set),12450
2023-10-17,iPad,4513
2023-10-17,SM-S908U,4307
2023-10-17,SM-A146U,3967
2023-10-17,SM-S918U,3562
2023-10-17,SM-S901U,2965
2023-10-17,SM-G991U,2378
2023-10-17,SM-A037U,2113
2023-10-17,SM-G998U,2072
2023-10-17,SM-S911U,1979
2023-10-17,SM-A136U,1812
2023-10-17,moto g pure,1807
2023-10-17,Pixel 7,1680
2023-10-17,SM-S906U,1572
2023-10-17,Opera,1346
2023-10-17,SM-S916U,1300
2023-10-17,Pixel 6,1295
2023-10-17,Pixel 6a,1293
2023-10-17,Pixel 7 Pro,1277
2023-10-17,SM-A326B,1263
2023-10-17,Internet Explorer,1235
2023-10-17,SM-G781U,1190
2023-10-17,Moto G 5G (2022),1166
2023-10-17,SM-A037F,1166
2023-10-17,SM-G996U,1138
2023-10-17,Firefox for Android,1108
2023-10-17,Moto G Stylus 5G (2022),1016
2023-10-16,Chrome,249628
2023-10-16,iPhone,242057
2023-10-16,Safari,95644
2023-10-16,Edge,83554
2023-10-16,ChromeBook,25871
2023-10-16,Firefox,12765
2023-10-16,(not set),12359
2023-10-16,iPad,4336
2023-10-16,SM-S908U,4194
2023-10-16,SM-A146U,4094
2023-10-16,SM-S918U,3484
2023-10-16,SM-S901U,2700
2023-10-16,SM-A037U,2168
2023-10-16,SM-G991U,2110
2023-10-16,SM-G998U,1995
2023-10-16,SM-S911U,1856
2023-10-16,SM-A136U,1851
2023-10-16,moto g pure,1664
2023-10-16,SM-S906U,1430
2023-10-16,Pixel 7,1362
2023-10-16,Opera,1347
2023-10-16,SM-S916U,1232
2023-10-16,Moto G 5G (2022),1231
2023-10-16,SM-A326B,1183
2023-10-16,SM-A037F,1143
2023-10-16,Pixel 7 Pro,1115
2023-10-16,Pixel 6a,1089
2023-10-16,Pixel 6,1077
2023-10-16,SM-G996U,1068
2023-10-16,SM-G781U,1056
2023-10-15,iPhone,197624
2023-10-15,Chrome,116089
2023-10-15,Safari,58171
2023-10-15,Edge,24206
2023-10-15,ChromeBook,7593
2023-10-15,Firefox,7149
2023-10-15,(not set),4928
2023-10-15,iPad,3307
2023-10-15,SM-S908U,3194
2023-10-15,SM-A146U,3011
2023-10-15,SM-S918U,2853
2023-10-15,SM-S901U,2292
2023-10-15,SM-G991U,1810
2023-10-15,SM-A037U,1679
2023-10-15,SM-G998U,1541
2023-10-15,SM-S911U,1528
2023-10-15,SM-A136U,1429
2023-10-15,moto g pure,1374
2023-10-15,SM-S906U,1191
2023-10-15,Opera,1101
2023-10-15,SM-A326B,1068
2023-10-15,Pixel 7,1026
2023-10-15,Pixel 6a,1002
2023-10-14,iPhone,188988
2023-10-14,Chrome,117996
2023-10-14,Safari,42912
2023-10-14,Edge,20402
2023-10-14,Firefox,6852
2023-10-14,ChromeBook,5144
2023-10-14,(not set),4799
2023-10-14,SM-S908U,3306
2023-10-14,iPad,3205
2023-10-14,SM-A146U,3048
2023-10-14,SM-S918U,2757
2023-10-14,SM-S901U,2255
2023-10-14,SM-G991U,1867
2023-10-14,SM-G998U,1620
2023-10-14,SM-A037U,1578
2023-10-14,SM-A136U,1469
2023-10-14,SM-S911U,1465
2023-10-14,moto g pure,1442
2023-10-14,SM-S906U,1142
2023-10-14,SM-A326B,1090
2023-10-14,Pixel 7,1060
2023-10-14,SM-S916U,1017
2023-10-13,iPhone,236136
2023-10-13,Chrome,211655
2023-10-13,Safari,70616
2023-10-13,Edge,59008
2023-10-13,ChromeBook,19190
2023-10-13,Firefox,10387
2023-10-13,(not set),8337
2023-10-13,iPad,4048
2023-10-13,SM-S908U,3991
2023-10-13,SM-S918U,3483
2023-10-13,SM-A146U,3458
2023-10-13,SM-S901U,2762
2023-10-13,SM-G991U,2328
2023-10-13,SM-G998U,2018
2023-10-13,SM-A037U,1847
2023-10-13,SM-S911U,1765
2023-10-13,SM-A136U,1730
2023-10-13,moto g pure,1662
2023-10-13,Pixel 7,1621
2023-10-13,SM-S906U,1350
2023-10-13,Opera,1247
2023-10-13,Pixel 6,1207
2023-10-13,SM-A326B,1204
2023-10-13,Pixel 6a,1189
2023-10-13,Pixel 7 Pro,1184
2023-10-13,SM-S916U,1159
2023-10-13,SM-G996U,1124
2023-10-13,Moto G 5G (2022),1123
2023-10-13,SM-G781U,1032
2023-10-13,SM-A037F,1003
2023-10-12,iPhone,268726
2023-10-12,Chrome,238827
2023-10-12,Safari,87747
2023-10-12,Edge,71342
2023-10-12,ChromeBook,23947
2023-10-12,Firefox,11434
2023-10-12,(not set),9806
2023-10-12,iPad,4626
2023-10-12,SM-S908U,4586
2023-10-12,SM-S918U,4169
2023-10-12,SM-A146U,3901
2023-10-12,SM-S901U,3278
2023-10-12,SM-G991U,2725
2023-10-12,SM-G998U,2419
2023-10-12,SM-S911U,2186
2023-10-12,SM-A037U,2103
2023-10-12,moto g pure,1977
2023-10-12,SM-A136U,1931
2023-10-12,Pixel 7,1855
2023-10-12,Pixel 6,1793
2023-10-12,SM-S906U,1687
2023-10-12,Pixel 7 Pro,1604
2023-10-12,Pixel 6a,1582
2023-10-12,SM-S916U,1392
2023-10-12,SM-A326B,1357
2023-10-12,Moto G 5G (2022),1332
2023-10-12,SM-G996U,1295
2023-10-12,Opera,1271
2023-10-12,SM-G781U,1268
2023-10-12,Pixel 6 Pro,1243
2023-10-12,SM-N986U,1170
2023-10-12,Moto G Stylus 5G (2022),1148
2023-10-12,Moto G Stylus 5G,1113
2023-10-12,SM-A037F,1077
2023-10-12,Firefox for Android,1014
2023-10-11,iPhone,251372
2023-10-11,Chrome,202946
2023-10-11,Safari,87862
2023-10-11,Edge,68864
2023-10-11,ChromeBook,21721
2023-10-11,Firefox,12403
2023-10-11,(not set),8948
2023-10-11,iPad,4445
2023-10-11,SM-S908U,4253
2023-10-11,SM-A146U,3981
2023-10-11,SM-S918U,3588
2023-10-11,SM-S901U,2951
2023-10-11,SM-G991U,2403
2023-10-11,SM-A037U,2111
2023-10-11,SM-G998U,2108
2023-10-11,Pixel 6,1980
2023-10-11,Pixel 7,1951
2023-10-11,SM-S911U,1920
2023-10-11,SM-A136U,1897
2023-10-11,moto g pure,1727
2023-10-11,Pixel 7 Pro,1654
2023-10-11,Pixel 6a,1626
2023-10-11,SM-S906U,1499
2023-10-11,Pixel 6 Pro,1434
2023-10-11,Moto G 5G (2022),1293
2023-10-11,Opera,1288
2023-10-11,SM-A326B,1270
2023-10-11,SM-S916U,1265
2023-10-11,SM-G781U,1231
2023-10-11,SM-G996U,1154
2023-10-11,Moto G Stylus 5G,1079
2023-10-11,Moto G Stylus 5G (2022),1067
2023-10-11,SM-N986U,1014
2023-10-11,Firefox for Android,1013
2023-10-10,iPhone,244094
2023-10-10,Chrome,189432
2023-10-10,Safari,74500
2023-10-10,Edge,60063
2023-10-10,ChromeBook,18073
2023-10-10,Firefox,12549
2023-10-10,(not set),9197
2023-10-10,SM-S908U,4630
2023-10-10,iPad,4214
2023-10-10,SM-S918U,3784
2023-10-10,SM-A146U,3768
2023-10-10,SM-S901U,3042
2023-10-10,Pixel 6,2980
2023-10-10,Pixel 7,2630
2023-10-10,SM-G991U,2576
2023-10-10,Pixel 6a,2442
2023-10-10,Pixel 7 Pro,2370
2023-10-10,Pixel 6 Pro,2299
2023-10-10,SM-G998U,2276
2023-10-10,SM-A037U,2068
2023-10-10,SM-S911U,1910
2023-10-10,moto g pure,1895
2023-10-10,SM-A136U,1880
2023-10-10,SM-S906U,1661
2023-10-10,Moto G 5G (2022),1515
2023-10-10,SM-S916U,1400
2023-10-10,SM-A326B,1364
2023-10-10,Moto G Stylus 5G (2022),1277
2023-10-10,SM-G996U,1210
2023-10-10,Moto G Stylus 5G,1194
2023-10-10,SM-G781U,1184
2023-10-10,Moto G Power (2022),1135
2023-10-10,SM-N986U,1112
2023-10-10,Internet Explorer,1093
2023-10-10,Opera,1057
2023-10-09,iPhone,182642
2023-10-09,Chrome,144834
2023-10-09,Safari,61558
2023-10-09,Edge,39547
2023-10-09,ChromeBook,12414
2023-10-09,Firefox,9349
2023-10-09,(not set),5922
2023-10-09,SM-A146U,3387
2023-10-09,SM-S908U,3287
2023-10-09,iPad,3007
2023-10-09,SM-S918U,2698
2023-10-09,SM-S901U,2097
2023-10-09,SM-G991U,1777
2023-10-09,SM-A037U,1729
2023-10-09,SM-G998U,1636
2023-10-09,SM-A136U,1554
2023-10-09,SM-S911U,1412
2023-10-09,moto g pure,1374
2023-10-09,SM-S906U,1164
2023-10-09,Opera,1025
2023-10-09,Moto G 5G (2022),1011
2023-10-08,iPhone,161721
2023-10-08,Chrome,75505
2023-10-08,Safari,37504
2023-10-08,Edge,16509
2023-10-08,ChromeBook,4587
2023-10-08,Firefox,4403
2023-10-08,(not set),3029
2023-10-08,iPad,2805
2023-10-08,SM-A146U,2782
2023-10-08,SM-S908U,2670
2023-10-08,SM-S918U,2253
2023-10-08,SM-S901U,1856
2023-10-08,SM-A037U,1466
2023-10-08,SM-G991U,1463
2023-10-08,SM-A136U,1375
2023-10-08,SM-G998U,1353
2023-10-08,moto g pure,1250
2023-10-08,SM-S911U,1231
2023-10-07,iPhone,169375
2023-10-07,Chrome,67867
2023-10-07,Safari,32884
2023-10-07,Edge,16939
2023-10-07,Firefox,4610
2023-10-07,ChromeBook,3688
2023-10-07,SM-S908U,2869
2023-10-07,(not set),2867
2023-10-07,iPad,2853
2023-10-07,SM-A146U,2641
2023-10-07,SM-S918U,2433
2023-10-07,SM-S901U,2034
2023-10-07,SM-G991U,1542
2023-10-07,SM-A037U,1475
2023-10-07,SM-G998U,1445
2023-10-07,SM-A136U,1366
2023-10-07,SM-S911U,1303
2023-10-07,moto g pure,1228
2023-10-07,Pixel 7,1029